OS_ART_MJ,,,
,OS,ART,MJ
0,OS396461-1,AH7363-001,1
1,OS396461-1,AH7363-001,1
2,OS396461-1,AH7363-001,1
3,OS396461-1,AH7363-001,1
4,OS396461-1,AH7363-001,1
5,OS396461-1,AH7363-001,1
6,OS396461-1,AH7363-001,1
7,OS396461-1,AH7363-001,1
8,OS396461-1,AH7363-001,1
9,OS396461-1,AH7363-001,1
10,OS396461-1,AH7363-001,1
11,OS396461-1,AH7363-001,1
12,OS396461-1,AH7363-001,1
13,OS396461-1,AH7363-001,1
14,OS396461-1,AH7363-001,1
15,OS396461-1,AH7363-001,1
16,OS396461-1,AH7363-001,1
17,OS396461-1,AH7363-001,1
18,OS396461-1,AH7363-001,1
19,OS396461-1,AH7363-060,1
20,OS396461-1,AH7363-060,1
21,OS396461-1,AH7363-060,1
22,OS396461-1,AH7363-060,1
23,OS396461-1,AH7363-060,1
24,OS396461-1,AH7363-060,1
25,OS396461-1,AH7363-060,1
26,OS396461-1,AH7363-060,1
27,OS396461-1,AH7363-060,1
28,OS396461-1,AH7363-060,1
29,OS396461-1,AH7363-060,1
30,OS396461-1,AH7363-060,1
31,OS396461-1,AH7363-060,1
32,OS396461-1,AH7363-060,1
33,OS396461-1,AH7363-060,1
34,OS396461-1,AH7363-060,1
35,OS396461-1,AH7363-060,1
36,OS396461-1,AH7363-060,1
37,OS396461-1,AH7363-060,1
38,OS396461-1,AH7363-070,1
39,OS396461-1,AH7363-070,1
40,OS396461-1,AH7363-070,1
41,OS396461-1,AH7363-070,1
42,OS396461-1,AH7363-070,1
43,OS396461-1,AH7363-070,1
44,OS396461-1,AH7363-070,1
45,OS396461-1,AH7363-070,1
46,OS396461-1,AH7363-070,1
47,OS396461-1,AH7363-070,1
48,OS396461-1,AH7363-070,1
49,OS396461-1,AH7363-070,1
50,OS396461-1,AH7363-070,1
51,OS396461-1,AH7363-070,1
52,OS396461-1,AH7363-070,1
53,OS396461-1,AH7363-070,1
54,OS396461-1,AH7363-070,1
55,OS396461-1,AH7363-070,1
56,OS396461-1,AH7363-070,1
57,OS396461-1,AH7363-077,1
58,OS396461-1,AH7363-077,1
59,OS396461-1,AH7363-077,1
60,OS396461-1,AH7363-077,1
61,OS396461-1,AH7363-077,1
62,OS396461-1,AH7363-077,1
63,OS396461-1,AH7363-077,1
64,OS396461-1,AH7363-077,1
65,OS396461-1,AH7363-077,1
66,OS396461-1,AH7363-077,1
67,OS396461-1,AH7363-077,1
68,OS396461-1,AH7363-077,1
69,OS396461-1,AH7363-077,1
70,OS396461-1,AH7363-077,1
71,OS396461-1,AH7363-077,1
72,OS396461-1,AH7363-077,1
73,OS396461-1,AH7363-077,1
74,OS396461-1,AH7363-077,1
75,OS396461-1,AH7363-077,1
76,OS396461-1,AH7363-081,1
77,OS396461-1,AH7363-081,1
78,OS396461-1,AH7363-081,1
79,OS396461-1,AH7363-081,1
80,OS396461-1,AH7363-081,1
81,OS396461-1,AH7363-081,1
82,OS396461-1,AH7363-081,1
83,OS396461-1,AH7363-081,1
84,OS396461-1,AH7363-081,1
85,OS396461-1,AH7363-081,1
86,OS396461-1,AH7363-081,1
87,OS396461-1,AH7363-081,1
88,OS396461-1,AH7363-081,1
89,OS396461-1,AH7363-081,1
90,OS396461-1,AH7363-081,1
91,OS396461-1,AH7363-081,1
92,OS396461-1,AH7363-081,1
93,OS396461-1,AH7363-081,1
94,OS396461-1,AH7363-081,1
95,OS396461-1,AH7363-107,1
96,OS396461-1,AH7363-107,1
97,OS396461-1,AH7363-107,1
98,OS396461-1,AH7363-107,1
99,OS396461-1,AH7363-107,1
100,OS396461-1,AH7363-107,1
101,OS396461-1,AH7363-107,1
102,OS396461-1,AH7363-107,1
103,OS396461-1,AH7363-107,1
104,OS396461-1,AH7363-107,1
105,OS396461-1,AH7363-107,1
106,OS396461-1,AH7363-107,1
107,OS396461-1,AH7363-107,1
108,OS396461-1,AH7363-107,1
109,OS396461-1,AH7363-107,1
110,OS396461-1,AH7363-107,1
111,OS396461-1,AH7363-107,1
112,OS396461-1,AH7363-107,1
113,OS396461-1,AH7363-107,1
114,OS396461-1,AH7363-408,1
115,OS396461-1,AH7363-408,1
116,OS396461-1,AH7363-408,1
117,OS396461-1,AH7363-408,1
118,OS396461-1,AH7363-408,1
119,OS396461-1,AH7363-408,1
120,OS396461-1,AH7363-408,1
121,OS396461-1,AH7363-408,1
122,OS396461-1,AH7363-408,1
123,OS396461-1,AH7363-408,1
124,OS396461-1,AH7363-408,1
125,OS396461-1,AH7363-408,1
126,OS396461-1,AH7363-408,1
127,OS396461-1,AH7363-408,1
128,OS396461-1,AH7363-408,1
129,OS396461-1,AH7363-408,1
130,OS396461-1,AH7363-408,1
131,OS396461-1,AH7363-408,1
132,OS396461-1,AH7363-408,1
133,OS396826-1,AH7363-454,1
134,OS396826-1,AH7363-454,1
135,OS396826-1,AH7363-454,1
136,OS396826-1,AH7363-454,1
137,OS396826-1,AH7363-454,1
138,OS396826-1,AH7363-454,1
139,OS396826-1,AH7363-454,1
140,OS396826-1,AH7363-454,1
141,OS396826-1,AH7363-454,1
142,OS396826-1,AH7363-454,1
143,OS396826-1,AH7363-454,1
144,OS396826-1,AH7363-454,1
145,OS396826-1,AH7363-454,1
146,OS396826-1,AH7363-454,1
147,OS396826-1,AH7363-454,1
148,OS396826-1,AH7363-454,1
149,OS396826-1,AH7363-454,1
150,OS396826-1,AH7363-454,1
151,OS396826-1,AH7363-454,1
152,OS396461-1,AH7363-606,1
153,OS396461-1,AH7363-606,1
154,OS396461-1,AH7363-606,1
155,OS396461-1,AH7363-606,1
156,OS396461-1,AH7363-606,1
157,OS396461-1,AH7363-606,1
158,OS396461-1,AH7363-606,1
159,OS396461-1,AH7363-606,1
160,OS396461-1,AH7363-606,1
161,OS396461-1,AH7363-606,1
162,OS396461-1,AH7363-606,1
163,OS396461-1,AH7363-606,1
164,OS396461-1,AH7363-606,1
165,OS396461-1,AH7363-606,1
166,OS396461-1,AH7363-606,1
167,OS396461-1,AH7363-606,1
168,OS396461-1,AH7363-606,1
169,OS396461-1,AH7363-606,1
170,OS396461-1,AH7363-606,1
171,OS396461-1,AH7363-701,1
172,OS396461-1,AH7363-701,1
173,OS396461-1,AH7363-701,1
174,OS396461-1,AH7363-701,1
175,OS396461-1,AH7363-701,1
176,OS396461-1,AH7363-701,1
177,OS396461-1,AH7363-701,1
178,OS396461-1,AH7363-701,1
179,OS396461-1,AH7363-701,1
180,OS396461-1,AH7363-701,1
181,OS396461-1,AH7363-701,1
182,OS396461-1,AH7363-701,1
183,OS396461-1,AH7363-701,1
184,OS396461-1,AH7363-701,1
185,OS396461-1,AH7363-701,1
186,OS396461-1,AH7363-701,1
187,OS396461-1,AH7363-701,1
188,OS396461-1,AH7363-701,1
189,OS396461-1,AH7363-701,1
190,OS396461-1,AH7363-801,1
191,OS396461-1,AH7363-801,1
192,OS396461-1,AH7363-801,1
193,OS396461-1,AH7363-801,1
194,OS396461-1,AH7363-801,1
195,OS396461-1,AH7363-801,1
196,OS396461-1,AH7363-801,1
197,OS396461-1,AH7363-801,1
198,OS396461-1,AH7363-801,1
199,OS396461-1,AH7363-801,1
200,OS396461-1,AH7363-801,1
201,OS396461-1,AH7363-801,1
202,OS396461-1,AH7363-801,1
203,OS396461-1,AH7363-801,1
204,OS396461-1,AH7363-801,1
205,OS396461-1,AH7363-801,1
206,OS396461-1,AH7363-801,1
207,OS396461-1,AH7363-801,1
208,OS396461-1,AH7363-801,1
209,OS396461-1,AH7363-810,1
210,OS396461-1,AH7363-810,1
211,OS396461-1,AH7363-810,1
212,OS396461-1,AH7363-810,1
213,OS396461-1,AH7363-810,1
214,OS396461-1,AH7363-810,1
215,OS396461-1,AH7363-810,1
216,OS396461-1,AH7363-810,1
217,OS396461-1,AH7363-810,1
218,OS396461-1,AH7363-810,1
219,OS396461-1,AH7363-810,1
220,OS396461-1,AH7363-810,1
221,OS396461-1,AH7363-810,1
222,OS396461-1,AH7363-810,1
223,OS396461-1,AH7363-810,1
224,OS396461-1,AH7363-810,1
225,OS396461-1,AH7363-810,1
226,OS396461-1,AH7363-810,1
227,OS396461-1,AH7363-810,1
228,OS396461-1,AH7378-001,1
229,OS396461-1,AH7378-001,1
230,OS396461-1,AH7378-001,1
231,OS396461-1,AH7378-001,1
232,OS396461-1,AH7378-001,1
233,OS396461-1,AH7378-001,1
234,OS396461-1,AH7378-001,1
235,OS396461-1,AH7378-001,1
236,OS396461-1,AH7378-001,1
237,OS396461-1,AH7378-001,1
238,OS396461-1,AH7378-001,1
239,OS396461-1,AH7378-001,1
240,OS396461-1,AH7378-001,1
241,OS396461-1,AH7378-001,1
242,OS396461-1,AH7378-001,1
243,OS396461-1,AH7378-001,1
244,OS396461-1,AH7378-001,1
245,OS396461-1,AH7378-001,1
246,OS396461-1,AH7378-001,1
247,OS396461-1,AH7378-060,1
248,OS396461-1,AH7378-060,1
249,OS396461-1,AH7378-060,1
250,OS396461-1,AH7378-060,1
251,OS396461-1,AH7378-060,1
252,OS396461-1,AH7378-060,1
253,OS396461-1,AH7378-060,1
254,OS396461-1,AH7378-060,1
255,OS396461-1,AH7378-060,1
256,OS396461-1,AH7378-060,1
257,OS396461-1,AH7378-060,1
258,OS396461-1,AH7378-060,1
259,OS396461-1,AH7378-060,1
260,OS396461-1,AH7378-060,1
261,OS396461-1,AH7378-060,1
262,OS396461-1,AH7378-060,1
263,OS396461-1,AH7378-060,1
264,OS396461-1,AH7378-060,1
265,OS396461-1,AH7378-060,1
266,OS396461-1,AH7378-070,1
267,OS396461-1,AH7378-070,1
268,OS396461-1,AH7378-070,1
269,OS396461-1,AH7378-070,1
270,OS396461-1,AH7378-070,1
271,OS396461-1,AH7378-070,1
272,OS396461-1,AH7378-070,1
273,OS396461-1,AH7378-070,1
274,OS396461-1,AH7378-070,1
275,OS396461-1,AH7378-070,1
276,OS396461-1,AH7378-070,1
277,OS396461-1,AH7378-070,1
278,OS396461-1,AH7378-070,1
279,OS396461-1,AH7378-070,1
280,OS396461-1,AH7378-070,1
281,OS396461-1,AH7378-070,1
282,OS396461-1,AH7378-070,1
283,OS396461-1,AH7378-070,1
284,OS396461-1,AH7378-070,1
285,OS396461-1,AH7378-077,1
286,OS396461-1,AH7378-077,1
287,OS396461-1,AH7378-077,1
288,OS396461-1,AH7378-077,1
289,OS396461-1,AH7378-077,1
290,OS396461-1,AH7378-077,1
291,OS396461-1,AH7378-077,1
292,OS396461-1,AH7378-077,1
293,OS396461-1,AH7378-077,1
294,OS396461-1,AH7378-077,1
295,OS396461-1,AH7378-077,1
296,OS396461-1,AH7378-077,1
297,OS396461-1,AH7378-077,1
298,OS396461-1,AH7378-077,1
299,OS396461-1,AH7378-077,1
300,OS396461-1,AH7378-077,1
301,OS396461-1,AH7378-077,1
302,OS396461-1,AH7378-077,1
303,OS396461-1,AH7378-077,1
304,OS396461-1,AH7378-081,1
305,OS396461-1,AH7378-081,1
306,OS396461-1,AH7378-081,1
307,OS396461-1,AH7378-081,1
308,OS396461-1,AH7378-081,1
309,OS396461-1,AH7378-081,1
310,OS396461-1,AH7378-081,1
311,OS396461-1,AH7378-081,1
312,OS396461-1,AH7378-081,1
313,OS396461-1,AH7378-081,1
314,OS396461-1,AH7378-081,1
315,OS396461-1,AH7378-081,1
316,OS396461-1,AH7378-081,1
317,OS396461-1,AH7378-081,1
318,OS396461-1,AH7378-081,1
319,OS396461-1,AH7378-081,1
320,OS396461-1,AH7378-081,1
321,OS396461-1,AH7378-081,1
322,OS396461-1,AH7378-081,1
323,OS396461-1,AH7378-107,1
324,OS396461-1,AH7378-107,1
325,OS396461-1,AH7378-107,1
326,OS396461-1,AH7378-107,1
327,OS396461-1,AH7378-107,1
328,OS396461-1,AH7378-107,1
329,OS396461-1,AH7378-107,1
330,OS396461-1,AH7378-107,1
331,OS396461-1,AH7378-107,1
332,OS396461-1,AH7378-107,1
333,OS396461-1,AH7378-107,1
334,OS396461-1,AH7378-107,1
335,OS396461-1,AH7378-107,1
336,OS396461-1,AH7378-107,1
337,OS396461-1,AH7378-107,1
338,OS396461-1,AH7378-107,1
339,OS396461-1,AH7378-107,1
340,OS396461-1,AH7378-107,1
341,OS396461-1,AH7378-107,1
342,OS396461-1,AH7378-408,1
343,OS396461-1,AH7378-408,1
344,OS396461-1,AH7378-408,1
345,OS396461-1,AH7378-408,1
346,OS396461-1,AH7378-408,1
347,OS396461-1,AH7378-408,1
348,OS396461-1,AH7378-408,1
349,OS396461-1,AH7378-408,1
350,OS396461-1,AH7378-408,1
351,OS396461-1,AH7378-408,1
352,OS396461-1,AH7378-408,1
353,OS396461-1,AH7378-408,1
354,OS396461-1,AH7378-408,1
355,OS396461-1,AH7378-408,1
356,OS396461-1,AH7378-408,1
357,OS396461-1,AH7378-408,1
358,OS396461-1,AH7378-408,1
359,OS396461-1,AH7378-408,1
360,OS396461-1,AH7378-408,1
361,OS396461-1,AH7378-701,1
362,OS396461-1,AH7378-701,1
363,OS396461-1,AH7378-701,1
364,OS396461-1,AH7378-701,1
365,OS396461-1,AH7378-701,1
366,OS396461-1,AH7378-701,1
367,OS396461-1,AH7378-701,1
368,OS396461-1,AH7378-701,1
369,OS396461-1,AH7378-701,1
370,OS396461-1,AH7378-701,1
371,OS396461-1,AH7378-701,1
372,OS396461-1,AH7378-701,1
373,OS396461-1,AH7378-701,1
374,OS396461-1,AH7378-701,1
375,OS396461-1,AH7378-701,1
376,OS396461-1,AH7378-701,1
377,OS396461-1,AH7378-701,1
378,OS396461-1,AH7378-701,1
379,OS396461-1,AH7378-701,1
380,OS396461-1,AH7378-801,1
381,OS396461-1,AH7378-801,1
382,OS396461-1,AH7378-801,1
383,OS396461-1,AH7378-801,1
384,OS396461-1,AH7378-801,1
385,OS396461-1,AH7378-801,1
386,OS396461-1,AH7378-801,1
387,OS396461-1,AH7378-801,1
388,OS396461-1,AH7378-801,1
389,OS396461-1,AH7378-801,1
390,OS396461-1,AH7378-801,1
391,OS396461-1,AH7378-801,1
392,OS396461-1,AH7378-801,1
393,OS396461-1,AH7378-801,1
394,OS396461-1,AH7378-801,1
395,OS396461-1,AH7378-801,1
396,OS396461-1,AH7378-801,1
397,OS396461-1,AH7378-801,1
398,OS396461-1,AH7378-801,1
399,OS396461-1,AH7378-810,1
400,OS396461-1,AH7378-810,1
401,OS396461-1,AH7378-810,1
402,OS396461-1,AH7378-810,1
403,OS396461-1,AH7378-810,1
404,OS396461-1,AH7378-810,1
405,OS396461-1,AH7378-810,1
406,OS396461-1,AH7378-810,1
407,OS396461-1,AH7378-810,1
408,OS396461-1,AH7378-810,1
409,OS396461-1,AH7378-810,1
410,OS396461-1,AH7378-810,1
411,OS396461-1,AH7378-810,1
412,OS396461-1,AH7378-810,1
413,OS396461-1,AH7378-810,1
414,OS396461-1,AH7378-810,1
415,OS396461-1,AH7378-810,1
416,OS396461-1,AH7378-810,1
417,OS396461-1,AH7378-810,1
418,OS396461-1,AJ3545-109,1
419,OS396461-1,AJ3545-109,1
420,OS396461-1,AJ3545-109,1
421,OS396461-1,AJ3545-109,1
422,OS396461-1,AJ3545-109,1
423,OS396461-1,AJ3545-109,1
424,OS396461-1,AJ3545-109,1
425,OS396461-1,AJ3545-109,1
426,OS396461-1,AJ3545-109,1
427,OS396461-1,AJ3545-109,1
428,OS396461-1,AJ3545-109,1
429,OS396461-1,AJ3545-109,1
430,OS396461-1,AJ3545-109,1
431,OS396461-1,AJ3545-109,1
432,OS396461-1,AJ3545-109,1
433,OS396461-1,AJ3545-109,1
434,OS396461-1,AJ3545-109,1
435,OS396461-1,AJ3545-109,1
436,OS396461-1,AJ3545-109,1
437,OS396461-1,AJ3545-390,1
438,OS396461-1,AJ3545-390,1
439,OS396461-1,AJ3545-390,1
440,OS396461-1,AJ3545-390,1
441,OS396461-1,AJ3545-390,1
442,OS396461-1,AJ3545-390,1
443,OS396461-1,AJ3545-390,1
444,OS396461-1,AJ3545-390,1
445,OS396461-1,AJ3545-390,1
446,OS396461-1,AJ3545-390,1
447,OS396461-1,AJ3545-390,1
448,OS396461-1,AJ3545-390,1
449,OS396461-1,AJ3545-390,1
450,OS396461-1,AJ3545-390,1
451,OS396461-1,AJ3545-390,1
452,OS396461-1,AJ3545-390,1
453,OS396461-1,AJ3545-390,1
454,OS396461-1,AJ3545-390,1
455,OS396461-1,AJ3545-390,1
456,OS396461-1,AJ3545-600,1
457,OS396461-1,AJ3545-600,1
458,OS396461-1,AJ3545-600,1
459,OS396461-1,AJ3545-600,1
460,OS396461-1,AJ3545-600,1
461,OS396461-1,AJ3545-600,1
462,OS396461-1,AJ3545-600,1
463,OS396461-1,AJ3545-600,1
464,OS396461-1,AJ3545-600,1
465,OS396461-1,AJ3545-600,1
466,OS396461-1,AJ3545-600,1
467,OS396461-1,AJ3545-600,1
468,OS396461-1,AJ3545-600,1
469,OS396461-1,AJ3545-600,1
470,OS396461-1,AJ3545-600,1
471,OS396461-1,AJ3545-600,1
472,OS396461-1,AJ3545-600,1
473,OS396461-1,AJ3545-600,1
474,OS396461-1,AJ3545-600,1
475,OS396826-1,AJ3723-390,1
476,OS396826-1,AJ3723-390,1
477,OS396826-1,AJ3723-390,1
478,OS396826-1,AJ3723-390,1
479,OS396826-1,AJ3723-390,1
480,OS396826-1,AJ3723-390,1
481,OS396826-1,AJ3723-390,1
482,OS396826-1,AJ3723-390,1
483,OS396826-1,AJ3723-390,1
484,OS396826-1,AJ3723-390,1
485,OS396826-1,AJ3723-390,1
486,OS396826-1,AJ3723-390,1
487,OS396826-1,AJ3723-390,1
488,OS396826-1,AJ3723-390,1
489,OS396826-1,AJ3723-390,1
490,OS396826-1,AJ3723-390,1
491,OS396826-1,AJ3723-390,1
492,OS396826-1,AJ3723-390,1
493,OS396826-1,AJ3723-390,1
494,OS396826-1,AJ3723-600,1
495,OS396826-1,AJ3723-600,1
496,OS396826-1,AJ3723-600,1
497,OS396826-1,AJ3723-600,1
498,OS396826-1,AJ3723-600,1
499,OS396826-1,AJ3723-600,1
500,OS396826-1,AJ3723-600,1
501,OS396826-1,AJ3723-600,1
502,OS396826-1,AJ3723-600,1
503,OS396826-1,AJ3723-600,1
504,OS396826-1,AJ3723-600,1
505,OS396826-1,AJ3723-600,1
506,OS396826-1,AJ3723-600,1
507,OS396826-1,AJ3723-600,1
508,OS396826-1,AJ3723-600,1
509,OS396826-1,AJ3723-600,1
510,OS396826-1,AJ3723-600,1
511,OS396826-1,AJ3723-600,1
512,OS396826-1,AJ3723-600,1
513,OS396826-1,AO3129-170,1
514,OS396826-1,AO3129-170,1
515,OS396826-1,AO3129-170,1
516,OS396826-1,AO3129-170,1
517,OS396826-1,AO3129-170,1
518,OS396826-1,AO3129-170,1
519,OS396826-1,AO3129-170,1
520,OS396826-1,AO3129-170,1
521,OS396826-1,AO3129-170,1
522,OS396826-1,AO3129-170,1
523,OS396826-1,AO3129-170,1
524,OS396826-1,AO3129-170,1
525,OS396826-1,AO3129-170,1
526,OS396826-1,AO3129-170,1
527,OS396826-1,AO3129-170,1
528,OS396826-1,AO3129-170,1
529,OS396826-1,AO3129-170,1
530,OS396826-1,AO3129-170,1
531,OS396826-1,AO3129-170,1
532,OS396826-1,AO3129-710,1
533,OS396826-1,AO3129-710,1
534,OS396826-1,AO3129-710,1
535,OS396826-1,AO3129-710,1
536,OS396826-1,AO3129-710,1
537,OS396826-1,AO3129-710,1
538,OS396826-1,AO3129-710,1
539,OS396826-1,AO3129-710,1
540,OS396826-1,AO3129-710,1
541,OS396826-1,AO3129-710,1
542,OS396826-1,AO3129-710,1
543,OS396826-1,AO3129-710,1
544,OS396826-1,AO3129-710,1
545,OS396826-1,AO3129-710,1
546,OS396826-1,AO3129-710,1
547,OS396826-1,AO3129-710,1
548,OS396826-1,AO3129-710,1
549,OS396826-1,AO3129-710,1
550,OS396826-1,AO3129-710,1
551,OS396826-1,AO9467-170,1
552,OS396826-1,AO9467-170,1
553,OS396826-1,AO9467-170,1
554,OS396826-1,AO9467-170,1
555,OS396826-1,AO9467-170,1
556,OS396826-1,AO9467-170,1
557,OS396826-1,AO9467-170,1
558,OS396826-1,AO9467-170,1
559,OS396826-1,AO9467-170,1
560,OS396826-1,AO9467-170,1
561,OS396826-1,AO9467-170,1
562,OS396826-1,AO9467-170,1
563,OS396826-1,AO9467-170,1
564,OS396826-1,AO9467-170,1
565,OS396826-1,AO9467-170,1
566,OS396826-1,AO9467-170,1
567,OS396826-1,AO9467-170,1
568,OS396826-1,AO9467-170,1
569,OS396826-1,AO9467-170,1
570,OS396461-1,AO9467-710,1
571,OS396461-1,AO9467-710,1
572,OS396461-1,AO9467-710,1
573,OS396461-1,AO9467-710,1
574,OS396461-1,AO9467-710,1
575,OS396461-1,AO9467-710,1
576,OS396461-1,AO9467-710,1
577,OS396461-1,AO9467-710,1
578,OS396461-1,AO9467-710,1
579,OS396461-1,AO9467-710,1
580,OS396461-1,AO9467-710,1
581,OS396461-1,AO9467-710,1
582,OS396461-1,AO9467-710,1
583,OS396461-1,AO9467-710,1
584,OS396461-1,AO9467-710,1
585,OS396461-1,AO9467-710,1
586,OS396461-1,AO9467-710,1
587,OS396461-1,AO9467-710,1
588,OS396461-1,AO9467-710,1
589,OS396461-1,AT7949-001,1
590,OS396461-1,AT7949-001,1
591,OS396461-1,AT7949-001,1
592,OS396461-1,AT7949-001,1
593,OS396461-1,AT7949-001,1
594,OS396461-1,AT7949-001,1
595,OS396461-1,AT7949-001,1
596,OS396461-1,AT7949-001,1
597,OS396461-1,AT7949-001,1
598,OS396461-1,AT7949-001,1
599,OS396461-1,AT7949-001,1
600,OS396461-1,AT7949-001,1
601,OS396461-1,AT7949-001,1
602,OS396461-1,AT7949-001,1
603,OS396461-1,AT7949-001,1
604,OS396461-1,AT7949-001,1
605,OS396461-1,AT7949-001,1
606,OS396461-1,AT7949-001,1
607,OS396461-1,AT7949-001,1
608,OS396461-1,AT7949-010,1
609,OS396461-1,AT7949-010,1
610,OS396461-1,AT7949-010,1
611,OS396461-1,AT7949-010,1
612,OS396461-1,AT7949-010,1
613,OS396461-1,AT7949-010,1
614,OS396461-1,AT7949-010,1
615,OS396461-1,AT7949-010,1
616,OS396461-1,AT7949-010,1
617,OS396461-1,AT7949-010,1
618,OS396461-1,AT7949-010,1
619,OS396461-1,AT7949-010,1
620,OS396461-1,AT7949-010,1
621,OS396461-1,AT7949-010,1
622,OS396461-1,AT7949-010,1
623,OS396461-1,AT7949-010,1
624,OS396461-1,AT7949-010,1
625,OS396461-1,AT7949-010,1
626,OS396461-1,AT7949-010,1
627,OS396461-1,AT7949-060,1
628,OS396461-1,AT7949-060,1
629,OS396461-1,AT7949-060,1
630,OS396461-1,AT7949-060,1
631,OS396461-1,AT7949-060,1
632,OS396461-1,AT7949-060,1
633,OS396461-1,AT7949-060,1
634,OS396461-1,AT7949-060,1
635,OS396461-1,AT7949-060,1
636,OS396461-1,AT7949-060,1
637,OS396461-1,AT7949-060,1
638,OS396461-1,AT7949-060,1
639,OS396461-1,AT7949-060,1
640,OS396461-1,AT7949-060,1
641,OS396461-1,AT7949-060,1
642,OS396461-1,AT7949-060,1
643,OS396461-1,AT7949-060,1
644,OS396461-1,AT7949-060,1
645,OS396461-1,AT7949-060,1
646,OS396461-1,AT7949-163,1
647,OS396461-1,AT7949-163,1
648,OS396461-1,AT7949-163,1
649,OS396461-1,AT7949-163,1
650,OS396461-1,AT7949-163,1
651,OS396461-1,AT7949-163,1
652,OS396461-1,AT7949-163,1
653,OS396461-1,AT7949-163,1
654,OS396461-1,AT7949-163,1
655,OS396461-1,AT7949-163,1
656,OS396461-1,AT7949-163,1
657,OS396461-1,AT7949-163,1
658,OS396461-1,AT7949-163,1
659,OS396461-1,AT7949-163,1
660,OS396461-1,AT7949-163,1
661,OS396461-1,AT7949-163,1
662,OS396461-1,AT7949-163,1
663,OS396461-1,AT7949-163,1
664,OS396461-1,AT7949-163,1
665,OS396461-1,AT7949-414,1
666,OS396461-1,AT7949-414,1
667,OS396461-1,AT7949-414,1
668,OS396461-1,AT7949-414,1
669,OS396461-1,AT7949-414,1
670,OS396461-1,AT7949-414,1
671,OS396461-1,AT7949-414,1
672,OS396461-1,AT7949-414,1
673,OS396461-1,AT7949-414,1
674,OS396461-1,AT7949-414,1
675,OS396461-1,AT7949-414,1
676,OS396461-1,AT7949-414,1
677,OS396461-1,AT7949-414,1
678,OS396461-1,AT7949-414,1
679,OS396461-1,AT7949-414,1
680,OS396461-1,AT7949-414,1
681,OS396461-1,AT7949-414,1
682,OS396461-1,AT7949-414,1
683,OS396461-1,AT7949-414,1
684,OS396461-1,AT7949-606,1
685,OS396461-1,AT7949-606,1
686,OS396461-1,AT7949-606,1
687,OS396461-1,AT7949-606,1
688,OS396461-1,AT7949-606,1
689,OS396461-1,AT7949-606,1
690,OS396461-1,AT7949-606,1
691,OS396461-1,AT7949-606,1
692,OS396461-1,AT7949-606,1
693,OS396461-1,AT7949-606,1
694,OS396461-1,AT7949-606,1
695,OS396461-1,AT7949-606,1
696,OS396461-1,AT7949-606,1
697,OS396461-1,AT7949-606,1
698,OS396461-1,AT7949-606,1
699,OS396461-1,AT7949-606,1
700,OS396461-1,AT7949-606,1
701,OS396461-1,AT7949-606,1
702,OS396461-1,AT7949-606,1
703,OS396461-1,AT7949-801,1
704,OS396461-1,AT7949-801,1
705,OS396461-1,AT7949-801,1
706,OS396461-1,AT7949-801,1
707,OS396461-1,AT7949-801,1
708,OS396461-1,AT7949-801,1
709,OS396461-1,AT7949-801,1
710,OS396461-1,AT7949-801,1
711,OS396461-1,AT7949-801,1
712,OS396461-1,AT7949-801,1
713,OS396461-1,AT7949-801,1
714,OS396461-1,AT7949-801,1
715,OS396461-1,AT7949-801,1
716,OS396461-1,AT7949-801,1
717,OS396461-1,AT7949-801,1
718,OS396461-1,AT7949-801,1
719,OS396461-1,AT7949-801,1
720,OS396461-1,AT7949-801,1
721,OS396461-1,AT7949-801,1
722,OS396461-1,AT7967-006,1
723,OS396461-1,AT7967-006,1
724,OS396461-1,AT7967-006,1
725,OS396461-1,AT7967-006,1
726,OS396461-1,AT7967-006,1
727,OS396461-1,AT7967-006,1
728,OS396461-1,AT7967-006,1
729,OS396461-1,AT7967-006,1
730,OS396461-1,AT7967-006,1
731,OS396461-1,AT7967-006,1
732,OS396461-1,AT7967-006,1
733,OS396461-1,AT7967-006,1
734,OS396461-1,AT7967-006,1
735,OS396461-1,AT7967-006,1
736,OS396461-1,AT7967-006,1
737,OS396461-1,AT7967-006,1
738,OS396461-1,AT7967-006,1
739,OS396461-1,AT7967-006,1
740,OS396461-1,AT7967-006,1
741,OS396461-1,AT7967-104,1
742,OS396461-1,AT7967-104,1
743,OS396461-1,AT7967-104,1
744,OS396461-1,AT7967-104,1
745,OS396461-1,AT7967-104,1
746,OS396461-1,AT7967-104,1
747,OS396461-1,AT7967-104,1
748,OS396461-1,AT7967-104,1
749,OS396461-1,AT7967-104,1
750,OS396461-1,AT7967-104,1
751,OS396461-1,AT7967-104,1
752,OS396461-1,AT7967-104,1
753,OS396461-1,AT7967-104,1
754,OS396461-1,AT7967-104,1
755,OS396461-1,AT7967-104,1
756,OS396461-1,AT7967-104,1
757,OS396461-1,AT7967-104,1
758,OS396461-1,AT7967-104,1
759,OS396461-1,AT7967-104,1
760,OS396461-1,AT7968-001,1
761,OS396461-1,AT7968-001,1
762,OS396461-1,AT7968-001,1
763,OS396461-1,AT7968-001,1
764,OS396461-1,AT7968-001,1
765,OS396461-1,AT7968-001,1
766,OS396461-1,AT7968-001,1
767,OS396461-1,AT7968-001,1
768,OS396461-1,AT7968-001,1
769,OS396461-1,AT7968-001,1
770,OS396461-1,AT7968-001,1
771,OS396461-1,AT7968-001,1
772,OS396461-1,AT7968-001,1
773,OS396461-1,AT7968-001,1
774,OS396461-1,AT7968-001,1
775,OS396461-1,AT7968-001,1
776,OS396461-1,AT7968-001,1
777,OS396461-1,AT7968-001,1
778,OS396461-1,AT7968-001,1
779,OS396461-1,AT7968-010,1
780,OS396461-1,AT7968-010,1
781,OS396461-1,AT7968-010,1
782,OS396461-1,AT7968-010,1
783,OS396461-1,AT7968-010,1
784,OS396461-1,AT7968-010,1
785,OS396461-1,AT7968-010,1
786,OS396461-1,AT7968-010,1
787,OS396461-1,AT7968-010,1
788,OS396461-1,AT7968-010,1
789,OS396461-1,AT7968-010,1
790,OS396461-1,AT7968-010,1
791,OS396461-1,AT7968-010,1
792,OS396461-1,AT7968-010,1
793,OS396461-1,AT7968-010,1
794,OS396461-1,AT7968-010,1
795,OS396461-1,AT7968-010,1
796,OS396461-1,AT7968-010,1
797,OS396461-1,AT7968-010,1
798,OS396461-1,AT7968-060,1
799,OS396461-1,AT7968-060,1
800,OS396461-1,AT7968-060,1
801,OS396461-1,AT7968-060,1
802,OS396461-1,AT7968-060,1
803,OS396461-1,AT7968-060,1
804,OS396461-1,AT7968-060,1
805,OS396461-1,AT7968-060,1
806,OS396461-1,AT7968-060,1
807,OS396461-1,AT7968-060,1
808,OS396461-1,AT7968-060,1
809,OS396461-1,AT7968-060,1
810,OS396461-1,AT7968-060,1
811,OS396461-1,AT7968-060,1
812,OS396461-1,AT7968-060,1
813,OS396461-1,AT7968-060,1
814,OS396461-1,AT7968-060,1
815,OS396461-1,AT7968-060,1
816,OS396461-1,AT7968-060,1
817,OS396461-1,AT7968-410,1
818,OS396461-1,AT7968-410,1
819,OS396461-1,AT7968-410,1
820,OS396461-1,AT7968-410,1
821,OS396461-1,AT7968-410,1
822,OS396461-1,AT7968-410,1
823,OS396461-1,AT7968-410,1
824,OS396461-1,AT7968-410,1
825,OS396461-1,AT7968-410,1
826,OS396461-1,AT7968-410,1
827,OS396461-1,AT7968-410,1
828,OS396461-1,AT7968-410,1
829,OS396461-1,AT7968-410,1
830,OS396461-1,AT7968-410,1
831,OS396461-1,AT7968-410,1
832,OS396461-1,AT7968-410,1
833,OS396461-1,AT7968-410,1
834,OS396461-1,AT7968-410,1
835,OS396461-1,AT7968-410,1
836,OS396461-1,AT7968-414,1
837,OS396461-1,AT7968-414,1
838,OS396461-1,AT7968-414,1
839,OS396461-1,AT7968-414,1
840,OS396461-1,AT7968-414,1
841,OS396461-1,AT7968-414,1
842,OS396461-1,AT7968-414,1
843,OS396461-1,AT7968-414,1
844,OS396461-1,AT7968-414,1
845,OS396461-1,AT7968-414,1
846,OS396461-1,AT7968-414,1
847,OS396461-1,AT7968-414,1
848,OS396461-1,AT7968-414,1
849,OS396461-1,AT7968-414,1
850,OS396461-1,AT7968-414,1
851,OS396461-1,AT7968-414,1
852,OS396461-1,AT7968-414,1
853,OS396461-1,AT7968-414,1
854,OS396461-1,AT7968-414,1
855,OS396461-1,AT7968-606,1
856,OS396461-1,AT7968-606,1
857,OS396461-1,AT7968-606,1
858,OS396461-1,AT7968-606,1
859,OS396461-1,AT7968-606,1
860,OS396461-1,AT7968-606,1
861,OS396461-1,AT7968-606,1
862,OS396461-1,AT7968-606,1
863,OS396461-1,AT7968-606,1
864,OS396461-1,AT7968-606,1
865,OS396461-1,AT7968-606,1
866,OS396461-1,AT7968-606,1
867,OS396461-1,AT7968-606,1
868,OS396461-1,AT7968-606,1
869,OS396461-1,AT7968-606,1
870,OS396461-1,AT7968-606,1
871,OS396461-1,AT7968-606,1
872,OS396461-1,AT7968-606,1
873,OS396461-1,AT7968-606,1
874,OS396461-1,AT7968-801,1
875,OS396461-1,AT7968-801,1
876,OS396461-1,AT7968-801,1
877,OS396461-1,AT7968-801,1
878,OS396461-1,AT7968-801,1
879,OS396461-1,AT7968-801,1
880,OS396461-1,AT7968-801,1
881,OS396461-1,AT7968-801,1
882,OS396461-1,AT7968-801,1
883,OS396461-1,AT7968-801,1
884,OS396461-1,AT7968-801,1
885,OS396461-1,AT7968-801,1
886,OS396461-1,AT7968-801,1
887,OS396461-1,AT7968-801,1
888,OS396461-1,AT7968-801,1
889,OS396461-1,AT7968-801,1
890,OS396461-1,AT7968-801,1
891,OS396461-1,AT7968-801,1
892,OS396461-1,AT7968-801,1
893,OS396461-1,BQ5463-110,1
894,OS396461-1,BQ5463-110,1
895,OS396461-1,BQ5463-110,1
896,OS396461-1,BQ5463-110,1
897,OS396461-1,BQ5463-110,1
898,OS396461-1,BQ5463-110,1
899,OS396461-1,BQ5463-110,1
900,OS396461-1,BQ5463-110,1
901,OS396461-1,BQ5463-110,1
902,OS396461-1,BQ5463-110,1
903,OS396461-1,BQ5463-110,1
904,OS396461-1,BQ5463-110,1
905,OS396461-1,BQ5463-110,1
906,OS396461-1,BQ5463-110,1
907,OS396461-1,BQ5463-110,1
908,OS396461-1,BQ5463-110,1
909,OS396461-1,BQ5463-110,1
910,OS396461-1,BQ5463-110,1
911,OS396461-1,BQ5463-110,1
912,OS396461-1,BQ5463-401,1
913,OS396461-1,BQ5463-401,1
914,OS396461-1,BQ5463-401,1
915,OS396461-1,BQ5463-401,1
916,OS396461-1,BQ5463-401,1
917,OS396461-1,BQ5463-401,1
918,OS396461-1,BQ5463-401,1
919,OS396461-1,BQ5463-401,1
920,OS396461-1,BQ5463-401,1
921,OS396461-1,BQ5463-401,1
922,OS396461-1,BQ5463-401,1
923,OS396461-1,BQ5463-401,1
924,OS396461-1,BQ5463-401,1
925,OS396461-1,BQ5463-401,1
926,OS396461-1,BQ5463-401,1
927,OS396461-1,BQ5463-401,1
928,OS396461-1,BQ5463-401,1
929,OS396461-1,BQ5463-401,1
930,OS396461-1,BQ5463-401,1
931,OS396461-1,BQ5463-703,1
932,OS396461-1,BQ5463-703,1
933,OS396461-1,BQ5463-703,1
934,OS396461-1,BQ5463-703,1
935,OS396461-1,BQ5463-703,1
936,OS396461-1,BQ5463-703,1
937,OS396461-1,BQ5463-703,1
938,OS396461-1,BQ5463-703,1
939,OS396461-1,BQ5463-703,1
940,OS396461-1,BQ5463-703,1
941,OS396461-1,BQ5463-703,1
942,OS396461-1,BQ5463-703,1
943,OS396461-1,BQ5463-703,1
944,OS396461-1,BQ5463-703,1
945,OS396461-1,BQ5463-703,1
946,OS396461-1,BQ5463-703,1
947,OS396461-1,BQ5463-703,1
948,OS396461-1,BQ5463-703,1
949,OS396461-1,BQ5463-703,1
950,OS396826-1,CJ1293-110,1
951,OS396826-1,CJ1293-110,1
952,OS396826-1,CJ1293-110,1
953,OS396826-1,CJ1293-110,1
954,OS396826-1,CJ1293-110,1
955,OS396826-1,CJ1293-110,1
956,OS396826-1,CJ1293-110,1
957,OS396826-1,CJ1293-110,1
958,OS396826-1,CJ1293-110,1
959,OS396826-1,CJ1293-110,1
960,OS396826-1,CJ1293-110,1
961,OS396826-1,CJ1293-110,1
962,OS396826-1,CJ1293-110,1
963,OS396826-1,CJ1293-110,1
964,OS396826-1,CJ1293-110,1
965,OS396826-1,CJ1293-110,1
966,OS396826-1,CJ1293-110,1
967,OS396826-1,CJ1293-110,1
968,OS396826-1,CJ1293-110,1
969,OS396826-1,CJ1293-401,1
970,OS396826-1,CJ1293-401,1
971,OS396826-1,CJ1293-401,1
972,OS396826-1,CJ1293-401,1
973,OS396826-1,CJ1293-401,1
974,OS396826-1,CJ1293-401,1
975,OS396826-1,CJ1293-401,1
976,OS396826-1,CJ1293-401,1
977,OS396826-1,CJ1293-401,1
978,OS396826-1,CJ1293-401,1
979,OS396826-1,CJ1293-401,1
980,OS396826-1,CJ1293-401,1
981,OS396826-1,CJ1293-401,1
982,OS396826-1,CJ1293-401,1
983,OS396826-1,CJ1293-401,1
984,OS396826-1,CJ1293-401,1
985,OS396826-1,CJ1293-401,1
986,OS396826-1,CJ1293-401,1
987,OS396826-1,CJ1293-401,1
988,OS398631-1,CK8459-006,1
989,OS398631-1,CK8459-006,1
990,OS398631-1,CK8459-006,1
991,OS398631-1,CK8459-006,1
992,OS398631-1,CK8459-006,1
993,OS398631-1,CK8459-006,1
994,OS398631-1,CK8459-006,1
995,OS398631-1,CK8459-006,1
996,OS398631-1,CK8459-006,1
997,OS398631-1,CK8459-006,1
998,OS398631-1,CK8459-006,1
999,OS398631-1,CK8459-006,1
1000,OS398631-1,CK8459-006,1
1001,OS398631-1,CK8459-006,1
1002,OS398631-1,CK8459-006,1
1003,OS398631-1,CK8459-006,1
1004,OS398631-1,CK8459-006,1
1005,OS398631-1,CK8459-006,1
1006,OS398631-1,CK8459-006,1
1007,OS398631-1,CK8459-060,1
1008,OS398631-1,CK8459-060,1
1009,OS398631-1,CK8459-060,1
1010,OS398631-1,CK8459-060,1
1011,OS398631-1,CK8459-060,1
1012,OS398631-1,CK8459-060,1
1013,OS398631-1,CK8459-060,1
1014,OS398631-1,CK8459-060,1
1015,OS398631-1,CK8459-060,1
1016,OS398631-1,CK8459-060,1
1017,OS398631-1,CK8459-060,1
1018,OS398631-1,CK8459-060,1
1019,OS398631-1,CK8459-060,1
1020,OS398631-1,CK8459-060,1
1021,OS398631-1,CK8459-060,1
1022,OS398631-1,CK8459-060,1
1023,OS398631-1,CK8459-060,1
1024,OS398631-1,CK8459-060,1
1025,OS398631-1,CK8459-060,1
1026,OS398631-1,CK8459-090,1
1027,OS398631-1,CK8459-090,1
1028,OS398631-1,CK8459-090,1
1029,OS398631-1,CK8459-090,1
1030,OS398631-1,CK8459-090,1
1031,OS398631-1,CK8459-090,1
1032,OS398631-1,CK8459-090,1
1033,OS398631-1,CK8459-090,1
1034,OS398631-1,CK8459-090,1
1035,OS398631-1,CK8459-090,1
1036,OS398631-1,CK8459-090,1
1037,OS398631-1,CK8459-090,1
1038,OS398631-1,CK8459-090,1
1039,OS398631-1,CK8459-090,1
1040,OS398631-1,CK8459-090,1
1041,OS398631-1,CK8459-090,1
1042,OS398631-1,CK8459-090,1
1043,OS398631-1,CK8459-090,1
1044,OS398631-1,CK8459-090,1
1045,OS398631-1,CK8459-160,1
1046,OS398631-1,CK8459-160,1
1047,OS398631-1,CK8459-160,1
1048,OS398631-1,CK8459-160,1
1049,OS398631-1,CK8459-160,1
1050,OS398631-1,CK8459-160,1
1051,OS398631-1,CK8459-160,1
1052,OS398631-1,CK8459-160,1
1053,OS398631-1,CK8459-160,1
1054,OS398631-1,CK8459-160,1
1055,OS398631-1,CK8459-160,1
1056,OS398631-1,CK8459-160,1
1057,OS398631-1,CK8459-160,1
1058,OS398631-1,CK8459-160,1
1059,OS398631-1,CK8459-160,1
1060,OS398631-1,CK8459-160,1
1061,OS398631-1,CK8459-160,1
1062,OS398631-1,CK8459-160,1
1063,OS398631-1,CK8459-160,1
1064,OS398631-1,CK8459-400,1
1065,OS398631-1,CK8459-400,1
1066,OS398631-1,CK8459-400,1
1067,OS398631-1,CK8459-400,1
1068,OS398631-1,CK8459-400,1
1069,OS398631-1,CK8459-400,1
1070,OS398631-1,CK8459-400,1
1071,OS398631-1,CK8459-400,1
1072,OS398631-1,CK8459-400,1
1073,OS398631-1,CK8459-400,1
1074,OS398631-1,CK8459-400,1
1075,OS398631-1,CK8459-400,1
1076,OS398631-1,CK8459-400,1
1077,OS398631-1,CK8459-400,1
1078,OS398631-1,CK8459-400,1
1079,OS398631-1,CK8459-400,1
1080,OS398631-1,CK8459-400,1
1081,OS398631-1,CK8459-400,1
1082,OS398631-1,CK8459-400,1
1083,OS399062-1,CU5692-004,1
1084,OS399062-1,CU5692-004,1
1085,OS399062-1,CU5692-004,1
1086,OS399062-1,CU5692-004,1
1087,OS399062-1,CU5692-004,1
1088,OS399062-1,CU5692-004,1
1089,OS399062-1,CU5692-004,1
1090,OS399062-1,CU5692-004,1
1091,OS399062-1,CU5692-004,1
1092,OS399062-1,CU5692-004,1
1093,OS399062-1,CU5692-004,1
1094,OS399062-1,CU5692-004,1
1095,OS399062-1,CU5692-004,1
1096,OS399062-1,CU5692-004,1
1097,OS399062-1,CU5692-004,1
1098,OS399062-1,CU5692-004,1
1099,OS399062-1,CU5692-004,1
1100,OS399062-1,CU5692-004,1
1101,OS399062-1,CU5692-004,1
1102,OS399062-1,CU5692-090,1
1103,OS399062-1,CU5692-090,1
1104,OS399062-1,CU5692-090,1
1105,OS399062-1,CU5692-090,1
1106,OS399062-1,CU5692-090,1
1107,OS399062-1,CU5692-090,1
1108,OS399062-1,CU5692-090,1
1109,OS399062-1,CU5692-090,1
1110,OS399062-1,CU5692-090,1
1111,OS399062-1,CU5692-090,1
1112,OS399062-1,CU5692-090,1
1113,OS399062-1,CU5692-090,1
1114,OS399062-1,CU5692-090,1
1115,OS399062-1,CU5692-090,1
1116,OS399062-1,CU5692-090,1
1117,OS399062-1,CU5692-090,1
1118,OS399062-1,CU5692-090,1
1119,OS399062-1,CU5692-090,1
1120,OS399062-1,CU5692-090,1
1121,OS399062-1,CU5692-600,1
1122,OS399062-1,CU5692-600,1
1123,OS399062-1,CU5692-600,1
1124,OS399062-1,CU5692-600,1
1125,OS399062-1,CU5692-600,1
1126,OS399062-1,CU5692-600,1
1127,OS399062-1,CU5692-600,1
1128,OS399062-1,CU5692-600,1
1129,OS399062-1,CU5692-600,1
1130,OS399062-1,CU5692-600,1
1131,OS399062-1,CU5692-600,1
1132,OS399062-1,CU5692-600,1
1133,OS399062-1,CU5692-600,1
1134,OS399062-1,CU5692-600,1
1135,OS399062-1,CU5692-600,1
1136,OS399062-1,CU5692-600,1
1137,OS399062-1,CU5692-600,1
1138,OS399062-1,CU5692-600,1
1139,OS399062-1,CU5692-600,1
1140,OS399062-1,CU5692-760,1
1141,OS399062-1,CU5692-760,1
1142,OS399062-1,CU5692-760,1
1143,OS399062-1,CU5692-760,1
1144,OS399062-1,CU5692-760,1
1145,OS399062-1,CU5692-760,1
1146,OS399062-1,CU5692-760,1
1147,OS399062-1,CU5692-760,1
1148,OS399062-1,CU5692-760,1
1149,OS399062-1,CU5692-760,1
1150,OS399062-1,CU5692-760,1
1151,OS399062-1,CU5692-760,1
1152,OS399062-1,CU5692-760,1
1153,OS399062-1,CU5692-760,1
1154,OS399062-1,CU5692-760,1
1155,OS399062-1,CU5692-760,1
1156,OS399062-1,CU5692-760,1
1157,OS399062-1,CU5692-760,1
1158,OS399062-1,CU5692-760,1
1159,OS399062-1,CV0852-004,1
1160,OS399062-1,CV0852-004,1
1161,OS399062-1,CV0852-004,1
1162,OS399062-1,CV0852-004,1
1163,OS399062-1,CV0852-004,1
1164,OS399062-1,CV0852-004,1
1165,OS399062-1,CV0852-004,1
1166,OS399062-1,CV0852-004,1
1167,OS399062-1,CV0852-004,1
1168,OS399062-1,CV0852-004,1
1169,OS399062-1,CV0852-004,1
1170,OS399062-1,CV0852-004,1
1171,OS399062-1,CV0852-004,1
1172,OS399062-1,CV0852-004,1
1173,OS399062-1,CV0852-004,1
1174,OS399062-1,CV0852-004,1
1175,OS399062-1,CV0852-004,1
1176,OS399062-1,CV0852-004,1
1177,OS399062-1,CV0852-004,1
1178,OS399062-1,CV0852-090,1
1179,OS399062-1,CV0852-090,1
1180,OS399062-1,CV0852-090,1
1181,OS399062-1,CV0852-090,1
1182,OS399062-1,CV0852-090,1
1183,OS399062-1,CV0852-090,1
1184,OS399062-1,CV0852-090,1
1185,OS399062-1,CV0852-090,1
1186,OS399062-1,CV0852-090,1
1187,OS399062-1,CV0852-090,1
1188,OS399062-1,CV0852-090,1
1189,OS399062-1,CV0852-090,1
1190,OS399062-1,CV0852-090,1
1191,OS399062-1,CV0852-090,1
1192,OS399062-1,CV0852-090,1
1193,OS399062-1,CV0852-090,1
1194,OS399062-1,CV0852-090,1
1195,OS399062-1,CV0852-090,1
1196,OS399062-1,CV0852-090,1
1197,OS399062-1,CV0852-600,1
1198,OS399062-1,CV0852-600,1
1199,OS399062-1,CV0852-600,1
1200,OS399062-1,CV0852-600,1
1201,OS399062-1,CV0852-600,1
1202,OS399062-1,CV0852-600,1
1203,OS399062-1,CV0852-600,1
1204,OS399062-1,CV0852-600,1
1205,OS399062-1,CV0852-600,1
1206,OS399062-1,CV0852-600,1
1207,OS399062-1,CV0852-600,1
1208,OS399062-1,CV0852-600,1
1209,OS399062-1,CV0852-600,1
1210,OS399062-1,CV0852-600,1
1211,OS399062-1,CV0852-600,1
1212,OS399062-1,CV0852-600,1
1213,OS399062-1,CV0852-600,1
1214,OS399062-1,CV0852-600,1
1215,OS399062-1,CV0852-600,1
1216,OS399062-1,CV0852-760,1
1217,OS399062-1,CV0852-760,1
1218,OS399062-1,CV0852-760,1
1219,OS399062-1,CV0852-760,1
1220,OS399062-1,CV0852-760,1
1221,OS399062-1,CV0852-760,1
1222,OS399062-1,CV0852-760,1
1223,OS399062-1,CV0852-760,1
1224,OS399062-1,CV0852-760,1
1225,OS399062-1,CV0852-760,1
1226,OS399062-1,CV0852-760,1
1227,OS399062-1,CV0852-760,1
1228,OS399062-1,CV0852-760,1
1229,OS399062-1,CV0852-760,1
1230,OS399062-1,CV0852-760,1
1231,OS399062-1,CV0852-760,1
1232,OS399062-1,CV0852-760,1
1233,OS399062-1,CV0852-760,1
1234,OS399062-1,CV0852-760,1
1235,OS398631-1,CW6672-006,1
1236,OS398631-1,CW6672-006,1
1237,OS398631-1,CW6672-006,1
1238,OS398631-1,CW6672-006,1
1239,OS398631-1,CW6672-006,1
1240,OS398631-1,CW6672-006,1
1241,OS398631-1,CW6672-006,1
1242,OS398631-1,CW6672-006,1
1243,OS398631-1,CW6672-006,1
1244,OS398631-1,CW6672-006,1
1245,OS398631-1,CW6672-006,1
1246,OS398631-1,CW6672-006,1
1247,OS398631-1,CW6672-006,1
1248,OS398631-1,CW6672-006,1
1249,OS398631-1,CW6672-006,1
1250,OS398631-1,CW6672-006,1
1251,OS398631-1,CW6672-006,1
1252,OS398631-1,CW6672-006,1
1253,OS398631-1,CW6672-006,1
1254,OS398631-1,CW6672-060,1
1255,OS398631-1,CW6672-060,1
1256,OS398631-1,CW6672-060,1
1257,OS398631-1,CW6672-060,1
1258,OS398631-1,CW6672-060,1
1259,OS398631-1,CW6672-060,1
1260,OS398631-1,CW6672-060,1
1261,OS398631-1,CW6672-060,1
1262,OS398631-1,CW6672-060,1
1263,OS398631-1,CW6672-060,1
1264,OS398631-1,CW6672-060,1
1265,OS398631-1,CW6672-060,1
1266,OS398631-1,CW6672-060,1
1267,OS398631-1,CW6672-060,1
1268,OS398631-1,CW6672-060,1
1269,OS398631-1,CW6672-060,1
1270,OS398631-1,CW6672-060,1
1271,OS398631-1,CW6672-060,1
1272,OS398631-1,CW6672-060,1
1273,OS398631-1,CW6672-090,1
1274,OS398631-1,CW6672-090,1
1275,OS398631-1,CW6672-090,1
1276,OS398631-1,CW6672-090,1
1277,OS398631-1,CW6672-090,1
1278,OS398631-1,CW6672-090,1
1279,OS398631-1,CW6672-090,1
1280,OS398631-1,CW6672-090,1
1281,OS398631-1,CW6672-090,1
1282,OS398631-1,CW6672-090,1
1283,OS398631-1,CW6672-090,1
1284,OS398631-1,CW6672-090,1
1285,OS398631-1,CW6672-090,1
1286,OS398631-1,CW6672-090,1
1287,OS398631-1,CW6672-090,1
1288,OS398631-1,CW6672-090,1
1289,OS398631-1,CW6672-090,1
1290,OS398631-1,CW6672-090,1
1291,OS398631-1,CW6672-090,1
1292,OS398631-1,CW6672-160,1
1293,OS398631-1,CW6672-160,1
1294,OS398631-1,CW6672-160,1
1295,OS398631-1,CW6672-160,1
1296,OS398631-1,CW6672-160,1
1297,OS398631-1,CW6672-160,1
1298,OS398631-1,CW6672-160,1
1299,OS398631-1,CW6672-160,1
1300,OS398631-1,CW6672-160,1
1301,OS398631-1,CW6672-160,1
1302,OS398631-1,CW6672-160,1
1303,OS398631-1,CW6672-160,1
1304,OS398631-1,CW6672-160,1
1305,OS398631-1,CW6672-160,1
1306,OS398631-1,CW6672-160,1
1307,OS398631-1,CW6672-160,1
1308,OS398631-1,CW6672-160,1
1309,OS398631-1,CW6672-160,1
1310,OS398631-1,CW6672-160,1
1311,OS398631-1,CW6672-400,1
1312,OS398631-1,CW6672-400,1
1313,OS398631-1,CW6672-400,1
1314,OS398631-1,CW6672-400,1
1315,OS398631-1,CW6672-400,1
1316,OS398631-1,CW6672-400,1
1317,OS398631-1,CW6672-400,1
1318,OS398631-1,CW6672-400,1
1319,OS398631-1,CW6672-400,1
1320,OS398631-1,CW6672-400,1
1321,OS398631-1,CW6672-400,1
1322,OS398631-1,CW6672-400,1
1323,OS398631-1,CW6672-400,1
1324,OS398631-1,CW6672-400,1
1325,OS398631-1,CW6672-400,1
1326,OS398631-1,CW6672-400,1
1327,OS398631-1,CW6672-400,1
1328,OS398631-1,CW6672-400,1
1329,OS398631-1,CW6672-400,1
1330,OS396461-1,CZ5901-180,1
1331,OS396461-1,CZ5901-180,1
1332,OS396461-1,CZ5901-180,1
1333,OS396461-1,CZ5901-180,1
1334,OS396461-1,CZ5901-180,1
1335,OS396461-1,CZ5901-180,1
1336,OS396461-1,CZ5901-180,1
1337,OS396461-1,CZ5901-180,1
1338,OS396461-1,CZ5901-180,1
1339,OS396461-1,CZ5901-180,1
1340,OS396461-1,CZ5901-180,1
1341,OS396461-1,CZ5901-180,1
1342,OS396461-1,CZ5901-180,1
1343,OS396461-1,CZ5901-180,1
1344,OS396461-1,CZ5901-180,1
1345,OS396461-1,CZ5901-180,1
1346,OS396461-1,CZ5901-180,1
1347,OS396461-1,CZ5901-180,1
1348,OS396461-1,CZ5901-180,1
1349,OS398631-1,DA5640-001,1
1350,OS398631-1,DA5640-001,1
1351,OS398631-1,DA5640-001,1
1352,OS398631-1,DA5640-001,1
1353,OS398631-1,DA5640-001,1
1354,OS398631-1,DA5640-001,1
1355,OS398631-1,DA5640-001,1
1356,OS398631-1,DA5640-001,1
1357,OS398631-1,DA5640-001,1
1358,OS398631-1,DA5640-001,1
1359,OS398631-1,DA5640-001,1
1360,OS398631-1,DA5640-001,1
1361,OS398631-1,DA5640-001,1
1362,OS398631-1,DA5640-001,1
1363,OS398631-1,DA5640-001,1
1364,OS398631-1,DA5640-001,1
1365,OS398631-1,DA5640-001,1
1366,OS398631-1,DA5640-001,1
1367,OS398631-1,DA5640-001,1
1368,OS398631-1,DA5640-004,1
1369,OS398631-1,DA5640-004,1
1370,OS398631-1,DA5640-004,1
1371,OS398631-1,DA5640-004,1
1372,OS398631-1,DA5640-004,1
1373,OS398631-1,DA5640-004,1
1374,OS398631-1,DA5640-004,1
1375,OS398631-1,DA5640-004,1
1376,OS398631-1,DA5640-004,1
1377,OS398631-1,DA5640-004,1
1378,OS398631-1,DA5640-004,1
1379,OS398631-1,DA5640-004,1
1380,OS398631-1,DA5640-004,1
1381,OS398631-1,DA5640-004,1
1382,OS398631-1,DA5640-004,1
1383,OS398631-1,DA5640-004,1
1384,OS398631-1,DA5640-004,1
1385,OS398631-1,DA5640-004,1
1386,OS398631-1,DA5640-004,1
1387,OS398631-1,DA5640-007,1
1388,OS398631-1,DA5640-007,1
1389,OS398631-1,DA5640-007,1
1390,OS398631-1,DA5640-007,1
1391,OS398631-1,DA5640-007,1
1392,OS398631-1,DA5640-007,1
1393,OS398631-1,DA5640-007,1
1394,OS398631-1,DA5640-007,1
1395,OS398631-1,DA5640-007,1
1396,OS398631-1,DA5640-007,1
1397,OS398631-1,DA5640-007,1
1398,OS398631-1,DA5640-007,1
1399,OS398631-1,DA5640-007,1
1400,OS398631-1,DA5640-007,1
1401,OS398631-1,DA5640-007,1
1402,OS398631-1,DA5640-007,1
1403,OS398631-1,DA5640-007,1
1404,OS398631-1,DA5640-007,1
1405,OS398631-1,DA5640-007,1
1406,OS398631-1,DA5640-167,1
1407,OS398631-1,DA5640-167,1
1408,OS398631-1,DA5640-167,1
1409,OS398631-1,DA5640-167,1
1410,OS398631-1,DA5640-167,1
1411,OS398631-1,DA5640-167,1
1412,OS398631-1,DA5640-167,1
1413,OS398631-1,DA5640-167,1
1414,OS398631-1,DA5640-167,1
1415,OS398631-1,DA5640-167,1
1416,OS398631-1,DA5640-167,1
1417,OS398631-1,DA5640-167,1
1418,OS398631-1,DA5640-167,1
1419,OS398631-1,DA5640-167,1
1420,OS398631-1,DA5640-167,1
1421,OS398631-1,DA5640-167,1
1422,OS398631-1,DA5640-167,1
1423,OS398631-1,DA5640-167,1
1424,OS398631-1,DA5640-167,1
1425,OS398631-1,DA5640-407,1
1426,OS398631-1,DA5640-407,1
1427,OS398631-1,DA5640-407,1
1428,OS398631-1,DA5640-407,1
1429,OS398631-1,DA5640-407,1
1430,OS398631-1,DA5640-407,1
1431,OS398631-1,DA5640-407,1
1432,OS398631-1,DA5640-407,1
1433,OS398631-1,DA5640-407,1
1434,OS398631-1,DA5640-407,1
1435,OS398631-1,DA5640-407,1
1436,OS398631-1,DA5640-407,1
1437,OS398631-1,DA5640-407,1
1438,OS398631-1,DA5640-407,1
1439,OS398631-1,DA5640-407,1
1440,OS398631-1,DA5640-407,1
1441,OS398631-1,DA5640-407,1
1442,OS398631-1,DA5640-407,1
1443,OS398631-1,DA5640-407,1
1444,OS398631-1,DA5640-808,1
1445,OS398631-1,DA5640-808,1
1446,OS398631-1,DA5640-808,1
1447,OS398631-1,DA5640-808,1
1448,OS398631-1,DA5640-808,1
1449,OS398631-1,DA5640-808,1
1450,OS398631-1,DA5640-808,1
1451,OS398631-1,DA5640-808,1
1452,OS398631-1,DA5640-808,1
1453,OS398631-1,DA5640-808,1
1454,OS398631-1,DA5640-808,1
1455,OS398631-1,DA5640-808,1
1456,OS398631-1,DA5640-808,1
1457,OS398631-1,DA5640-808,1
1458,OS398631-1,DA5640-808,1
1459,OS398631-1,DA5640-808,1
1460,OS398631-1,DA5640-808,1
1461,OS398631-1,DA5640-808,1
1462,OS398631-1,DA5640-808,1
1463,OS399062-1,DB2856-506,1
1464,OS399062-1,DB2856-506,1
1465,OS399062-1,DB2856-506,1
1466,OS399062-1,DB2856-506,1
1467,OS399062-1,DB2856-506,1
1468,OS399062-1,DB2856-506,1
1469,OS399062-1,DB2856-506,1
1470,OS399062-1,DB2856-506,1
1471,OS399062-1,DB2856-506,1
1472,OS399062-1,DB2856-506,1
1473,OS399062-1,DB2856-506,1
1474,OS399062-1,DB2856-506,1
1475,OS399062-1,DB2856-506,1
1476,OS399062-1,DB2856-506,1
1477,OS399062-1,DB2856-506,1
1478,OS399062-1,DB2856-506,1
1479,OS399062-1,DB2856-506,1
1480,OS399062-1,DB2856-506,1
1481,OS399062-1,DB2856-506,1
1482,OS399062-1,DB2855-600,1
1483,OS399062-1,DB2855-600,1
1484,OS399062-1,DB2855-600,1
1485,OS399062-1,DB2855-600,1
1486,OS399062-1,DB2855-600,1
1487,OS399062-1,DB2855-600,1
1488,OS399062-1,DB2855-600,1
1489,OS399062-1,DB2855-600,1
1490,OS399062-1,DB2855-600,1
1491,OS399062-1,DB2855-600,1
1492,OS399062-1,DB2855-600,1
1493,OS399062-1,DB2855-600,1
1494,OS399062-1,DB2855-600,1
1495,OS399062-1,DB2855-600,1
1496,OS399062-1,DB2855-600,1
1497,OS399062-1,DB2855-600,1
1498,OS399062-1,DB2855-600,1
1499,OS399062-1,DB2855-600,1
1500,OS399062-1,DB2855-600,1
1501,OS398631-1,DC0819-001,1
1502,OS398631-1,DC0819-001,1
1503,OS398631-1,DC0819-001,1
1504,OS398631-1,DC0819-001,1
1505,OS398631-1,DC0819-001,1
1506,OS398631-1,DC0819-001,1
1507,OS398631-1,DC0819-001,1
1508,OS398631-1,DC0819-001,1
1509,OS398631-1,DC0819-001,1
1510,OS398631-1,DC0819-001,1
1511,OS398631-1,DC0819-001,1
1512,OS398631-1,DC0819-001,1
1513,OS398631-1,DC0819-001,1
1514,OS398631-1,DC0819-001,1
1515,OS398631-1,DC0819-001,1
1516,OS398631-1,DC0819-001,1
1517,OS398631-1,DC0819-001,1
1518,OS398631-1,DC0819-001,1
1519,OS398631-1,DC0819-001,1
1520,OS398631-1,DC0819-004,1
1521,OS398631-1,DC0819-004,1
1522,OS398631-1,DC0819-004,1
1523,OS398631-1,DC0819-004,1
1524,OS398631-1,DC0819-004,1
1525,OS398631-1,DC0819-004,1
1526,OS398631-1,DC0819-004,1
1527,OS398631-1,DC0819-004,1
1528,OS398631-1,DC0819-004,1
1529,OS398631-1,DC0819-004,1
1530,OS398631-1,DC0819-004,1
1531,OS398631-1,DC0819-004,1
1532,OS398631-1,DC0819-004,1
1533,OS398631-1,DC0819-004,1
1534,OS398631-1,DC0819-004,1
1535,OS398631-1,DC0819-004,1
1536,OS398631-1,DC0819-004,1
1537,OS398631-1,DC0819-004,1
1538,OS398631-1,DC0819-004,1
1539,OS398631-1,DC0819-007,1
1540,OS398631-1,DC0819-007,1
1541,OS398631-1,DC0819-007,1
1542,OS398631-1,DC0819-007,1
1543,OS398631-1,DC0819-007,1
1544,OS398631-1,DC0819-007,1
1545,OS398631-1,DC0819-007,1
1546,OS398631-1,DC0819-007,1
1547,OS398631-1,DC0819-007,1
1548,OS398631-1,DC0819-007,1
1549,OS398631-1,DC0819-007,1
1550,OS398631-1,DC0819-007,1
1551,OS398631-1,DC0819-007,1
1552,OS398631-1,DC0819-007,1
1553,OS398631-1,DC0819-007,1
1554,OS398631-1,DC0819-007,1
1555,OS398631-1,DC0819-007,1
1556,OS398631-1,DC0819-007,1
1557,OS398631-1,DC0819-007,1
1558,OS398631-1,DC0819-054,1
1559,OS398631-1,DC0819-054,1
1560,OS398631-1,DC0819-054,1
1561,OS398631-1,DC0819-054,1
1562,OS398631-1,DC0819-054,1
1563,OS398631-1,DC0819-054,1
1564,OS398631-1,DC0819-054,1
1565,OS398631-1,DC0819-054,1
1566,OS398631-1,DC0819-054,1
1567,OS398631-1,DC0819-054,1
1568,OS398631-1,DC0819-054,1
1569,OS398631-1,DC0819-054,1
1570,OS398631-1,DC0819-054,1
1571,OS398631-1,DC0819-054,1
1572,OS398631-1,DC0819-054,1
1573,OS398631-1,DC0819-054,1
1574,OS398631-1,DC0819-054,1
1575,OS398631-1,DC0819-054,1
1576,OS398631-1,DC0819-054,1
1577,OS398631-1,DC0819-167,1
1578,OS398631-1,DC0819-167,1
1579,OS398631-1,DC0819-167,1
1580,OS398631-1,DC0819-167,1
1581,OS398631-1,DC0819-167,1
1582,OS398631-1,DC0819-167,1
1583,OS398631-1,DC0819-167,1
1584,OS398631-1,DC0819-167,1
1585,OS398631-1,DC0819-167,1
1586,OS398631-1,DC0819-167,1
1587,OS398631-1,DC0819-167,1
1588,OS398631-1,DC0819-167,1
1589,OS398631-1,DC0819-167,1
1590,OS398631-1,DC0819-167,1
1591,OS398631-1,DC0819-167,1
1592,OS398631-1,DC0819-167,1
1593,OS398631-1,DC0819-167,1
1594,OS398631-1,DC0819-167,1
1595,OS398631-1,DC0819-167,1
1596,OS398631-1,DC0819-407,1
1597,OS398631-1,DC0819-407,1
1598,OS398631-1,DC0819-407,1
1599,OS398631-1,DC0819-407,1
1600,OS398631-1,DC0819-407,1
1601,OS398631-1,DC0819-407,1
1602,OS398631-1,DC0819-407,1
1603,OS398631-1,DC0819-407,1
1604,OS398631-1,DC0819-407,1
1605,OS398631-1,DC0819-407,1
1606,OS398631-1,DC0819-407,1
1607,OS398631-1,DC0819-407,1
1608,OS398631-1,DC0819-407,1
1609,OS398631-1,DC0819-407,1
1610,OS398631-1,DC0819-407,1
1611,OS398631-1,DC0819-407,1
1612,OS398631-1,DC0819-407,1
1613,OS398631-1,DC0819-407,1
1614,OS398631-1,DC0819-407,1
1615,OS398631-1,DC0819-808,1
1616,OS398631-1,DC0819-808,1
1617,OS398631-1,DC0819-808,1
1618,OS398631-1,DC0819-808,1
1619,OS398631-1,DC0819-808,1
1620,OS398631-1,DC0819-808,1
1621,OS398631-1,DC0819-808,1
1622,OS398631-1,DC0819-808,1
1623,OS398631-1,DC0819-808,1
1624,OS398631-1,DC0819-808,1
1625,OS398631-1,DC0819-808,1
1626,OS398631-1,DC0819-808,1
1627,OS398631-1,DC0819-808,1
1628,OS398631-1,DC0819-808,1
1629,OS398631-1,DC0819-808,1
1630,OS398631-1,DC0819-808,1
1631,OS398631-1,DC0819-808,1
1632,OS398631-1,DC0819-808,1
1633,OS398631-1,DC0819-808,1
1634,OS400000-1,DD9482-010,1
1635,OS400000-1,DD9482-010,1
1636,OS400000-1,DD9482-010,1
1637,OS400000-1,DD9482-010,1
1638,OS400000-1,DD9482-010,1
1639,OS400000-1,DD9482-010,1
1640,OS400000-1,DD9482-010,1
1641,OS400000-1,DD9482-010,1
1642,OS400000-1,DD9482-010,1
1643,OS400000-1,DD9482-010,1
1644,OS400000-1,DD9482-010,1
1645,OS400000-1,DD9482-010,1
1646,OS400000-1,DD9482-010,1
1647,OS400000-1,DD9482-010,1
1648,OS400000-1,DD9482-010,1
1649,OS400000-1,DD9482-010,1
1650,OS400000-1,DD9482-010,1
1651,OS400000-1,DD9482-010,1
1652,OS400000-1,DD9482-010,1
1653,OS400000-1,DD9482-446,1
1654,OS400000-1,DD9482-446,1
1655,OS400000-1,DD9482-446,1
1656,OS400000-1,DD9482-446,1
1657,OS400000-1,DD9482-446,1
1658,OS400000-1,DD9482-446,1
1659,OS400000-1,DD9482-446,1
1660,OS400000-1,DD9482-446,1
1661,OS400000-1,DD9482-446,1
1662,OS400000-1,DD9482-446,1
1663,OS400000-1,DD9482-446,1
1664,OS400000-1,DD9482-446,1
1665,OS400000-1,DD9482-446,1
1666,OS400000-1,DD9482-446,1
1667,OS400000-1,DD9482-446,1
1668,OS400000-1,DD9482-446,1
1669,OS400000-1,DD9482-446,1
1670,OS400000-1,DD9482-446,1
1671,OS400000-1,DD9482-446,1
1672,OS400000-1,DD9483-010,1
1673,OS400000-1,DD9483-010,1
1674,OS400000-1,DD9483-010,1
1675,OS400000-1,DD9483-010,1
1676,OS400000-1,DD9483-010,1
1677,OS400000-1,DD9483-010,1
1678,OS400000-1,DD9483-010,1
1679,OS400000-1,DD9483-010,1
1680,OS400000-1,DD9483-010,1
1681,OS400000-1,DD9483-010,1
1682,OS400000-1,DD9483-010,1
1683,OS400000-1,DD9483-010,1
1684,OS400000-1,DD9483-010,1
1685,OS400000-1,DD9483-010,1
1686,OS400000-1,DD9483-010,1
1687,OS400000-1,DD9483-010,1
1688,OS400000-1,DD9483-010,1
1689,OS400000-1,DD9483-010,1
1690,OS400000-1,DD9483-010,1
1691,OS400000-1,DD9483-446,1
1692,OS400000-1,DD9483-446,1
1693,OS400000-1,DD9483-446,1
1694,OS400000-1,DD9483-446,1
1695,OS400000-1,DD9483-446,1
1696,OS400000-1,DD9483-446,1
1697,OS400000-1,DD9483-446,1
1698,OS400000-1,DD9483-446,1
1699,OS400000-1,DD9483-446,1
1700,OS400000-1,DD9483-446,1
1701,OS400000-1,DD9483-446,1
1702,OS400000-1,DD9483-446,1
1703,OS400000-1,DD9483-446,1
1704,OS400000-1,DD9483-446,1
1705,OS400000-1,DD9483-446,1
1706,OS400000-1,DD9483-446,1
1707,OS400000-1,DD9483-446,1
1708,OS400000-1,DD9483-446,1
1709,OS400000-1,DD9483-446,1
1710,OS399062-1,DJ2903-007,1
1711,OS399062-1,DJ2903-007,1
1712,OS399062-1,DJ2903-007,1
1713,OS399062-1,DJ2903-007,1
1714,OS399062-1,DJ2903-007,1
1715,OS399062-1,DJ2903-007,1
1716,OS399062-1,DJ2903-007,1
1717,OS399062-1,DJ2903-007,1
1718,OS399062-1,DJ2903-007,1
1719,OS399062-1,DJ2903-007,1
1720,OS399062-1,DJ2903-007,1
1721,OS399062-1,DJ2903-007,1
1722,OS399062-1,DJ2903-007,1
1723,OS399062-1,DJ2903-007,1
1724,OS399062-1,DJ2903-007,1
1725,OS399062-1,DJ2903-007,1
1726,OS399062-1,DJ2903-007,1
1727,OS399062-1,DJ2903-007,1
1728,OS399062-1,DJ2903-007,1
1729,OS399062-1,DJ2903-484,1
1730,OS399062-1,DJ2903-484,1
1731,OS399062-1,DJ2903-484,1
1732,OS399062-1,DJ2903-484,1
1733,OS399062-1,DJ2903-484,1
1734,OS399062-1,DJ2903-484,1
1735,OS399062-1,DJ2903-484,1
1736,OS399062-1,DJ2903-484,1
1737,OS399062-1,DJ2903-484,1
1738,OS399062-1,DJ2903-484,1
1739,OS399062-1,DJ2903-484,1
1740,OS399062-1,DJ2903-484,1
1741,OS399062-1,DJ2903-484,1
1742,OS399062-1,DJ2903-484,1
1743,OS399062-1,DJ2903-484,1
1744,OS399062-1,DJ2903-484,1
1745,OS399062-1,DJ2903-484,1
1746,OS399062-1,DJ2903-484,1
1747,OS399062-1,DJ2903-484,1
1748,OS399062-1,DJ2904-007,1
1749,OS399062-1,DJ2904-007,1
1750,OS399062-1,DJ2904-007,1
1751,OS399062-1,DJ2904-007,1
1752,OS399062-1,DJ2904-007,1
1753,OS399062-1,DJ2904-007,1
1754,OS399062-1,DJ2904-007,1
1755,OS399062-1,DJ2904-007,1
1756,OS399062-1,DJ2904-007,1
1757,OS399062-1,DJ2904-007,1
1758,OS399062-1,DJ2904-007,1
1759,OS399062-1,DJ2904-007,1
1760,OS399062-1,DJ2904-007,1
1761,OS399062-1,DJ2904-007,1
1762,OS399062-1,DJ2904-007,1
1763,OS399062-1,DJ2904-007,1
1764,OS399062-1,DJ2904-007,1
1765,OS399062-1,DJ2904-007,1
1766,OS399062-1,DJ2904-007,1
1767,OS399062-1,DJ2904-054,1
1768,OS399062-1,DJ2904-054,1
1769,OS399062-1,DJ2904-054,1
1770,OS399062-1,DJ2904-054,1
1771,OS399062-1,DJ2904-054,1
1772,OS399062-1,DJ2904-054,1
1773,OS399062-1,DJ2904-054,1
1774,OS399062-1,DJ2904-054,1
1775,OS399062-1,DJ2904-054,1
1776,OS399062-1,DJ2904-054,1
1777,OS399062-1,DJ2904-054,1
1778,OS399062-1,DJ2904-054,1
1779,OS399062-1,DJ2904-054,1
1780,OS399062-1,DJ2904-054,1
1781,OS399062-1,DJ2904-054,1
1782,OS399062-1,DJ2904-054,1
1783,OS399062-1,DJ2904-054,1
1784,OS399062-1,DJ2904-054,1
1785,OS399062-1,DJ2904-054,1
1786,OS399062-1,DJ2904-484,1
1787,OS399062-1,DJ2904-484,1
1788,OS399062-1,DJ2904-484,1
1789,OS399062-1,DJ2904-484,1
1790,OS399062-1,DJ2904-484,1
1791,OS399062-1,DJ2904-484,1
1792,OS399062-1,DJ2904-484,1
1793,OS399062-1,DJ2904-484,1
1794,OS399062-1,DJ2904-484,1
1795,OS399062-1,DJ2904-484,1
1796,OS399062-1,DJ2904-484,1
1797,OS399062-1,DJ2904-484,1
1798,OS399062-1,DJ2904-484,1
1799,OS399062-1,DJ2904-484,1
1800,OS399062-1,DJ2904-484,1
1801,OS399062-1,DJ2904-484,1
1802,OS399062-1,DJ2904-484,1
1803,OS399062-1,DJ2904-484,1
1804,OS399062-1,DJ2904-484,1
1805,OS400000-1,DJ5961-001,1
1806,OS400000-1,DJ5961-001,1
1807,OS400000-1,DJ5961-001,1
1808,OS400000-1,DJ5961-001,1
1809,OS400000-1,DJ5961-001,1
1810,OS400000-1,DJ5961-001,1
1811,OS400000-1,DJ5961-001,1
1812,OS400000-1,DJ5961-001,1
1813,OS400000-1,DJ5961-001,1
1814,OS400000-1,DJ5961-001,1
1815,OS400000-1,DJ5961-001,1
1816,OS400000-1,DJ5961-001,1
1817,OS400000-1,DJ5961-001,1
1818,OS400000-1,DJ5961-001,1
1819,OS400000-1,DJ5961-001,1
1820,OS400000-1,DJ5961-001,1
1821,OS400000-1,DJ5961-001,1
1822,OS400000-1,DJ5961-001,1
1823,OS400000-1,DJ5961-001,1
1824,OS400000-1,DJ5961-146,1
1825,OS400000-1,DJ5961-146,1
1826,OS400000-1,DJ5961-146,1
1827,OS400000-1,DJ5961-146,1
1828,OS400000-1,DJ5961-146,1
1829,OS400000-1,DJ5961-146,1
1830,OS400000-1,DJ5961-146,1
1831,OS400000-1,DJ5961-146,1
1832,OS400000-1,DJ5961-146,1
1833,OS400000-1,DJ5961-146,1
1834,OS400000-1,DJ5961-146,1
1835,OS400000-1,DJ5961-146,1
1836,OS400000-1,DJ5961-146,1
1837,OS400000-1,DJ5961-146,1
1838,OS400000-1,DJ5961-146,1
1839,OS400000-1,DJ5961-146,1
1840,OS400000-1,DJ5961-146,1
1841,OS400000-1,DJ5961-146,1
1842,OS400000-1,DJ5961-146,1
1843,OS400000-1,DJ5961-780,1
1844,OS400000-1,DJ5961-780,1
1845,OS400000-1,DJ5961-780,1
1846,OS400000-1,DJ5961-780,1
1847,OS400000-1,DJ5961-780,1
1848,OS400000-1,DJ5961-780,1
1849,OS400000-1,DJ5961-780,1
1850,OS400000-1,DJ5961-780,1
1851,OS400000-1,DJ5961-780,1
1852,OS400000-1,DJ5961-780,1
1853,OS400000-1,DJ5961-780,1
1854,OS400000-1,DJ5961-780,1
1855,OS400000-1,DJ5961-780,1
1856,OS400000-1,DJ5961-780,1
1857,OS400000-1,DJ5961-780,1
1858,OS400000-1,DJ5961-780,1
1859,OS400000-1,DJ5961-780,1
1860,OS400000-1,DJ5961-780,1
1861,OS400000-1,DJ5961-780,1
1862,OS400000-1,DJ5963-001,1
1863,OS400000-1,DJ5963-001,1
1864,OS400000-1,DJ5963-001,1
1865,OS400000-1,DJ5963-001,1
1866,OS400000-1,DJ5963-001,1
1867,OS400000-1,DJ5963-001,1
1868,OS400000-1,DJ5963-001,1
1869,OS400000-1,DJ5963-001,1
1870,OS400000-1,DJ5963-001,1
1871,OS400000-1,DJ5963-001,1
1872,OS400000-1,DJ5963-001,1
1873,OS400000-1,DJ5963-001,1
1874,OS400000-1,DJ5963-001,1
1875,OS400000-1,DJ5963-001,1
1876,OS400000-1,DJ5963-001,1
1877,OS400000-1,DJ5963-001,1
1878,OS400000-1,DJ5963-001,1
1879,OS400000-1,DJ5963-001,1
1880,OS400000-1,DJ5963-001,1
1881,OS400000-1,DJ5963-146,1
1882,OS400000-1,DJ5963-146,1
1883,OS400000-1,DJ5963-146,1
1884,OS400000-1,DJ5963-146,1
1885,OS400000-1,DJ5963-146,1
1886,OS400000-1,DJ5963-146,1
1887,OS400000-1,DJ5963-146,1
1888,OS400000-1,DJ5963-146,1
1889,OS400000-1,DJ5963-146,1
1890,OS400000-1,DJ5963-146,1
1891,OS400000-1,DJ5963-146,1
1892,OS400000-1,DJ5963-146,1
1893,OS400000-1,DJ5963-146,1
1894,OS400000-1,DJ5963-146,1
1895,OS400000-1,DJ5963-146,1
1896,OS400000-1,DJ5963-146,1
1897,OS400000-1,DJ5963-146,1
1898,OS400000-1,DJ5963-146,1
1899,OS400000-1,DJ5963-146,1
1900,OS400000-1,DJ5963-780,1
1901,OS400000-1,DJ5963-780,1
1902,OS400000-1,DJ5963-780,1
1903,OS400000-1,DJ5963-780,1
1904,OS400000-1,DJ5963-780,1
1905,OS400000-1,DJ5963-780,1
1906,OS400000-1,DJ5963-780,1
1907,OS400000-1,DJ5963-780,1
1908,OS400000-1,DJ5963-780,1
1909,OS400000-1,DJ5963-780,1
1910,OS400000-1,DJ5963-780,1
1911,OS400000-1,DJ5963-780,1
1912,OS400000-1,DJ5963-780,1
1913,OS400000-1,DJ5963-780,1
1914,OS400000-1,DJ5963-780,1
1915,OS400000-1,DJ5963-780,1
1916,OS400000-1,DJ5963-780,1
1917,OS400000-1,DJ5963-780,1
1918,OS400000-1,DJ5963-780,1
1919,OS398631-1,DM0730-003,1
1920,OS398631-1,DM0730-003,1
1921,OS398631-1,DM0730-003,1
1922,OS398631-1,DM0730-003,1
1923,OS398631-1,DM0730-003,1
1924,OS398631-1,DM0730-003,1
1925,OS398631-1,DM0730-003,1
1926,OS398631-1,DM0730-003,1
1927,OS398631-1,DM0730-003,1
1928,OS398631-1,DM0730-003,1
1929,OS398631-1,DM0730-003,1
1930,OS398631-1,DM0730-003,1
1931,OS398631-1,DM0730-003,1
1932,OS398631-1,DM0730-003,1
1933,OS398631-1,DM0730-003,1
1934,OS398631-1,DM0730-003,1
1935,OS398631-1,DM0730-003,1
1936,OS398631-1,DM0730-003,1
1937,OS398631-1,DM0730-003,1
1938,OS400000-1,DR5952-810,1
1939,OS400000-1,DR5952-810,1
1940,OS400000-1,DR5952-810,1
1941,OS400000-1,DR5952-810,1
1942,OS400000-1,DR5952-810,1
1943,OS400000-1,DR5952-810,1
1944,OS400000-1,DR5952-810,1
1945,OS400000-1,DR5952-810,1
1946,OS400000-1,DR5952-810,1
1947,OS400000-1,DR5952-810,1
1948,OS400000-1,DR5952-810,1
1949,OS400000-1,DR5952-810,1
1950,OS400000-1,DR5952-810,1
1951,OS400000-1,DR5952-810,1
1952,OS400000-1,DR5952-810,1
1953,OS400000-1,DR5952-810,1
1954,OS400000-1,DR5952-810,1
1955,OS400000-1,DR5952-810,1
1956,OS400000-1,DR5952-810,1
1957,OS400000-1,DR5953-810,1
1958,OS400000-1,DR5953-810,1
1959,OS400000-1,DR5953-810,1
1960,OS400000-1,DR5953-810,1
1961,OS400000-1,DR5953-810,1
1962,OS400000-1,DR5953-810,1
1963,OS400000-1,DR5953-810,1
1964,OS400000-1,DR5953-810,1
1965,OS400000-1,DR5953-810,1
1966,OS400000-1,DR5953-810,1
1967,OS400000-1,DR5953-810,1
1968,OS400000-1,DR5953-810,1
1969,OS400000-1,DR5953-810,1
1970,OS400000-1,DR5953-810,1
1971,OS400000-1,DR5953-810,1
1972,OS400000-1,DR5953-810,1
1973,OS400000-1,DR5953-810,1
1974,OS400000-1,DR5953-810,1
1975,OS400000-1,DR5953-810,1
1976,OS398631-1,DR5967-810,1
1977,OS398631-1,DR5967-810,1
1978,OS398631-1,DR5967-810,1
1979,OS398631-1,DR5967-810,1
1980,OS398631-1,DR5967-810,1
1981,OS398631-1,DR5967-810,1
1982,OS398631-1,DR5967-810,1
1983,OS398631-1,DR5967-810,1
1984,OS398631-1,DR5967-810,1
1985,OS398631-1,DR5967-810,1
1986,OS398631-1,DR5967-810,1
1987,OS398631-1,DR5967-810,1
1988,OS398631-1,DR5967-810,1
1989,OS398631-1,DR5967-810,1
1990,OS398631-1,DR5967-810,1
1991,OS398631-1,DR5967-810,1
1992,OS398631-1,DR5967-810,1
1993,OS398631-1,DR5967-810,1
1994,OS398631-1,DR5967-810,1
1995,OS398631-1,DR5968-810,1
1996,OS398631-1,DR5968-810,1
1997,OS398631-1,DR5968-810,1
1998,OS398631-1,DR5968-810,1
1999,OS398631-1,DR5968-810,1
2000,OS398631-1,DR5968-810,1
2001,OS398631-1,DR5968-810,1
2002,OS398631-1,DR5968-810,1
2003,OS398631-1,DR5968-810,1
2004,OS398631-1,DR5968-810,1
2005,OS398631-1,DR5968-810,1
2006,OS398631-1,DR5968-810,1
2007,OS398631-1,DR5968-810,1
2008,OS398631-1,DR5968-810,1
2009,OS398631-1,DR5968-810,1
2010,OS398631-1,DR5968-810,1
2011,OS398631-1,DR5968-810,1
2012,OS398631-1,DR5968-810,1
2013,OS398631-1,DR5968-810,1
2014,OS396826-1,AH7339-001,0
2015,OS396826-1,AH7339-001,0
2016,OS396826-1,AH7339-001,0
2017,OS396826-1,AH7339-001,0
2018,OS396826-1,AH7339-001,0
2019,OS396826-1,AH7339-001,0
2020,OS396826-1,AH7339-001,0
2021,OS396826-1,AH7339-001,0
2022,OS396826-1,AH7339-001,0
2023,OS396826-1,AH7339-001,0
2024,OS396826-1,AH7339-001,0
2025,OS396826-1,AH7339-060,0
2026,OS396826-1,AH7339-060,0
2027,OS396826-1,AH7339-060,0
2028,OS396826-1,AH7339-060,0
2029,OS396826-1,AH7339-060,0
2030,OS396826-1,AH7339-060,0
2031,OS396826-1,AH7339-060,0
2032,OS396826-1,AH7339-060,0
2033,OS396826-1,AH7339-060,0
2034,OS396826-1,AH7339-060,0
2035,OS396826-1,AH7339-060,0
2036,OS396826-1,AH7339-070,0
2037,OS396826-1,AH7339-070,0
2038,OS396826-1,AH7339-070,0
2039,OS396826-1,AH7339-070,0
2040,OS396826-1,AH7339-070,0
2041,OS396826-1,AH7339-070,0
2042,OS396826-1,AH7339-070,0
2043,OS396826-1,AH7339-070,0
2044,OS396826-1,AH7339-070,0
2045,OS396826-1,AH7339-070,0
2046,OS396826-1,AH7339-070,0
2047,OS396826-1,AH7339-077,0
2048,OS396826-1,AH7339-077,0
2049,OS396826-1,AH7339-077,0
2050,OS396826-1,AH7339-077,0
2051,OS396826-1,AH7339-077,0
2052,OS396826-1,AH7339-077,0
2053,OS396826-1,AH7339-077,0
2054,OS396826-1,AH7339-077,0
2055,OS396826-1,AH7339-077,0
2056,OS396826-1,AH7339-077,0
2057,OS396826-1,AH7339-077,0
2058,OS396826-1,AH7339-081,0
2059,OS396826-1,AH7339-081,0
2060,OS396826-1,AH7339-081,0
2061,OS396826-1,AH7339-081,0
2062,OS396826-1,AH7339-081,0
2063,OS396826-1,AH7339-081,0
2064,OS396826-1,AH7339-081,0
2065,OS396826-1,AH7339-081,0
2066,OS396826-1,AH7339-081,0
2067,OS396826-1,AH7339-081,0
2068,OS396826-1,AH7339-081,0
2069,OS396826-1,AH7339-107,0
2070,OS396826-1,AH7339-107,0
2071,OS396826-1,AH7339-107,0
2072,OS396826-1,AH7339-107,0
2073,OS396826-1,AH7339-107,0
2074,OS396826-1,AH7339-107,0
2075,OS396826-1,AH7339-107,0
2076,OS396826-1,AH7339-107,0
2077,OS396826-1,AH7339-107,0
2078,OS396826-1,AH7339-107,0
2079,OS396826-1,AH7339-107,0
2080,OS396826-1,AH7339-408,0
2081,OS396826-1,AH7339-408,0
2082,OS396826-1,AH7339-408,0
2083,OS396826-1,AH7339-408,0
2084,OS396826-1,AH7339-408,0
2085,OS396826-1,AH7339-408,0
2086,OS396826-1,AH7339-408,0
2087,OS396826-1,AH7339-408,0
2088,OS396826-1,AH7339-408,0
2089,OS396826-1,AH7339-408,0
2090,OS396826-1,AH7339-408,0
2091,OS396826-1,AH7339-606,0
2092,OS396826-1,AH7339-606,0
2093,OS396826-1,AH7339-606,0
2094,OS396826-1,AH7339-606,0
2095,OS396826-1,AH7339-606,0
2096,OS396826-1,AH7339-606,0
2097,OS396826-1,AH7339-606,0
2098,OS396826-1,AH7339-606,0
2099,OS396826-1,AH7339-606,0
2100,OS396826-1,AH7339-606,0
2101,OS396826-1,AH7339-606,0
2102,OS396826-1,AH7339-701,0
2103,OS396826-1,AH7339-701,0
2104,OS396826-1,AH7339-701,0
2105,OS396826-1,AH7339-701,0
2106,OS396826-1,AH7339-701,0
2107,OS396826-1,AH7339-701,0
2108,OS396826-1,AH7339-701,0
2109,OS396826-1,AH7339-701,0
2110,OS396826-1,AH7339-701,0
2111,OS396826-1,AH7339-701,0
2112,OS396826-1,AH7339-701,0
2113,OS396826-1,AH7339-801,0
2114,OS396826-1,AH7339-801,0
2115,OS396826-1,AH7339-801,0
2116,OS396826-1,AH7339-801,0
2117,OS396826-1,AH7339-801,0
2118,OS396826-1,AH7339-801,0
2119,OS396826-1,AH7339-801,0
2120,OS396826-1,AH7339-801,0
2121,OS396826-1,AH7339-801,0
2122,OS396826-1,AH7339-801,0
2123,OS396826-1,AH7339-801,0
2124,OS396826-1,AH7339-810,0
2125,OS396826-1,AH7339-810,0
2126,OS396826-1,AH7339-810,0
2127,OS396826-1,AH7339-810,0
2128,OS396826-1,AH7339-810,0
2129,OS396826-1,AH7339-810,0
2130,OS396826-1,AH7339-810,0
2131,OS396826-1,AH7339-810,0
2132,OS396826-1,AH7339-810,0
2133,OS396826-1,AH7339-810,0
2134,OS396826-1,AH7339-810,0
2135,OS396826-1,AH7350-001,0
2136,OS396826-1,AH7350-001,0
2137,OS396826-1,AH7350-001,0
2138,OS396826-1,AH7350-001,0
2139,OS396826-1,AH7350-001,0
2140,OS396826-1,AH7350-001,0
2141,OS396826-1,AH7350-001,0
2142,OS396826-1,AH7350-001,0
2143,OS396826-1,AH7350-001,0
2144,OS396826-1,AH7350-001,0
2145,OS396826-1,AH7350-001,0
2146,OS396826-1,AH7350-060,0
2147,OS396826-1,AH7350-060,0
2148,OS396826-1,AH7350-060,0
2149,OS396826-1,AH7350-060,0
2150,OS396826-1,AH7350-060,0
2151,OS396826-1,AH7350-060,0
2152,OS396826-1,AH7350-060,0
2153,OS396826-1,AH7350-060,0
2154,OS396826-1,AH7350-060,0
2155,OS396826-1,AH7350-060,0
2156,OS396826-1,AH7350-060,0
2157,OS396826-1,AH7350-070,0
2158,OS396826-1,AH7350-070,0
2159,OS396826-1,AH7350-070,0
2160,OS396826-1,AH7350-070,0
2161,OS396826-1,AH7350-070,0
2162,OS396826-1,AH7350-070,0
2163,OS396826-1,AH7350-070,0
2164,OS396826-1,AH7350-070,0
2165,OS396826-1,AH7350-070,0
2166,OS396826-1,AH7350-070,0
2167,OS396826-1,AH7350-070,0
2168,OS396826-1,AH7350-077,0
2169,OS396826-1,AH7350-077,0
2170,OS396826-1,AH7350-077,0
2171,OS396826-1,AH7350-077,0
2172,OS396826-1,AH7350-077,0
2173,OS396826-1,AH7350-077,0
2174,OS396826-1,AH7350-077,0
2175,OS396826-1,AH7350-077,0
2176,OS396826-1,AH7350-077,0
2177,OS396826-1,AH7350-077,0
2178,OS396826-1,AH7350-077,0
2179,OS396826-1,AH7350-081,0
2180,OS396826-1,AH7350-081,0
2181,OS396826-1,AH7350-081,0
2182,OS396826-1,AH7350-081,0
2183,OS396826-1,AH7350-081,0
2184,OS396826-1,AH7350-081,0
2185,OS396826-1,AH7350-081,0
2186,OS396826-1,AH7350-081,0
2187,OS396826-1,AH7350-081,0
2188,OS396826-1,AH7350-081,0
2189,OS396826-1,AH7350-081,0
2190,OS396826-1,AH7350-107,0
2191,OS396826-1,AH7350-107,0
2192,OS396826-1,AH7350-107,0
2193,OS396826-1,AH7350-107,0
2194,OS396826-1,AH7350-107,0
2195,OS396826-1,AH7350-107,0
2196,OS396826-1,AH7350-107,0
2197,OS396826-1,AH7350-107,0
2198,OS396826-1,AH7350-107,0
2199,OS396826-1,AH7350-107,0
2200,OS396826-1,AH7350-107,0
2201,OS396826-1,AH7350-408,0
2202,OS396826-1,AH7350-408,0
2203,OS396826-1,AH7350-408,0
2204,OS396826-1,AH7350-408,0
2205,OS396826-1,AH7350-408,0
2206,OS396826-1,AH7350-408,0
2207,OS396826-1,AH7350-408,0
2208,OS396826-1,AH7350-408,0
2209,OS396826-1,AH7350-408,0
2210,OS396826-1,AH7350-408,0
2211,OS396826-1,AH7350-408,0
2212,OS396826-1,AH7350-701,0
2213,OS396826-1,AH7350-701,0
2214,OS396826-1,AH7350-701,0
2215,OS396826-1,AH7350-701,0
2216,OS396826-1,AH7350-701,0
2217,OS396826-1,AH7350-701,0
2218,OS396826-1,AH7350-701,0
2219,OS396826-1,AH7350-701,0
2220,OS396826-1,AH7350-701,0
2221,OS396826-1,AH7350-701,0
2222,OS396826-1,AH7350-701,0
2223,OS396826-1,AH7350-801,0
2224,OS396826-1,AH7350-801,0
2225,OS396826-1,AH7350-801,0
2226,OS396826-1,AH7350-801,0
2227,OS396826-1,AH7350-801,0
2228,OS396826-1,AH7350-801,0
2229,OS396826-1,AH7350-801,0
2230,OS396826-1,AH7350-801,0
2231,OS396826-1,AH7350-801,0
2232,OS396826-1,AH7350-801,0
2233,OS396826-1,AH7350-801,0
2234,OS396826-1,AH7350-810,0
2235,OS396826-1,AH7350-810,0
2236,OS396826-1,AH7350-810,0
2237,OS396826-1,AH7350-810,0
2238,OS396826-1,AH7350-810,0
2239,OS396826-1,AH7350-810,0
2240,OS396826-1,AH7350-810,0
2241,OS396826-1,AH7350-810,0
2242,OS396826-1,AH7350-810,0
2243,OS396826-1,AH7350-810,0
2244,OS396826-1,AH7350-810,0
2245,OS396826-1,AJ3095-390,0
2246,OS396826-1,AJ3095-390,0
2247,OS396826-1,AJ3095-390,0
2248,OS396826-1,AJ3095-390,0
2249,OS396826-1,AJ3095-390,0
2250,OS396826-1,AJ3095-390,0
2251,OS396826-1,AJ3095-390,0
2252,OS396826-1,AJ3095-390,0
2253,OS396826-1,AJ3095-390,0
2254,OS396826-1,AJ3095-390,0
2255,OS396826-1,AJ3095-390,0
2256,OS396826-1,AJ3095-600,0
2257,OS396826-1,AJ3095-600,0
2258,OS396826-1,AJ3095-600,0
2259,OS396826-1,AJ3095-600,0
2260,OS396826-1,AJ3095-600,0
2261,OS396826-1,AJ3095-600,0
2262,OS396826-1,AJ3095-600,0
2263,OS396826-1,AJ3095-600,0
2264,OS396826-1,AJ3095-600,0
2265,OS396826-1,AJ3095-600,0
2266,OS396826-1,AJ3095-600,0
2267,OS396826-1,AJ3115-109,0
2268,OS396826-1,AJ3115-109,0
2269,OS396826-1,AJ3115-109,0
2270,OS396826-1,AJ3115-109,0
2271,OS396826-1,AJ3115-109,0
2272,OS396826-1,AJ3115-109,0
2273,OS396826-1,AJ3115-109,0
2274,OS396826-1,AJ3115-109,0
2275,OS396826-1,AJ3115-109,0
2276,OS396826-1,AJ3115-109,0
2277,OS396826-1,AJ3115-109,0
2278,OS396826-1,AJ3115-390,0
2279,OS396826-1,AJ3115-390,0
2280,OS396826-1,AJ3115-390,0
2281,OS396826-1,AJ3115-390,0
2282,OS396826-1,AJ3115-390,0
2283,OS396826-1,AJ3115-390,0
2284,OS396826-1,AJ3115-390,0
2285,OS396826-1,AJ3115-390,0
2286,OS396826-1,AJ3115-390,0
2287,OS396826-1,AJ3115-390,0
2288,OS396826-1,AJ3115-390,0
2289,OS396826-1,AJ3115-600,0
2290,OS396826-1,AJ3115-600,0
2291,OS396826-1,AJ3115-600,0
2292,OS396826-1,AJ3115-600,0
2293,OS396826-1,AJ3115-600,0
2294,OS396826-1,AJ3115-600,0
2295,OS396826-1,AJ3115-600,0
2296,OS396826-1,AJ3115-600,0
2297,OS396826-1,AJ3115-600,0
2298,OS396826-1,AJ3115-600,0
2299,OS396826-1,AJ3115-600,0
2300,OS396826-1,AO2888-170,0
2301,OS396826-1,AO2888-170,0
2302,OS396826-1,AO2888-170,0
2303,OS396826-1,AO2888-170,0
2304,OS396826-1,AO2888-170,0
2305,OS396826-1,AO2888-170,0
2306,OS396826-1,AO2888-170,0
2307,OS396826-1,AO2888-170,0
2308,OS396826-1,AO2888-170,0
2309,OS396826-1,AO2888-170,0
2310,OS396826-1,AO2888-170,0
2311,OS396826-1,AO2888-710,0
2312,OS396826-1,AO2888-710,0
2313,OS396826-1,AO2888-710,0
2314,OS396826-1,AO2888-710,0
2315,OS396826-1,AO2888-710,0
2316,OS396826-1,AO2888-710,0
2317,OS396826-1,AO2888-710,0
2318,OS396826-1,AO2888-710,0
2319,OS396826-1,AO2888-710,0
2320,OS396826-1,AO2888-710,0
2321,OS396826-1,AO2888-710,0
2322,OS396826-1,AO9472-710,0
2323,OS396826-1,AO9472-710,0
2324,OS396826-1,AO9472-710,0
2325,OS396826-1,AO9472-710,0
2326,OS396826-1,AO9472-710,0
2327,OS396826-1,AO9472-710,0
2328,OS396826-1,AO9472-710,0
2329,OS396826-1,AO9472-710,0
2330,OS396826-1,AO9472-710,0
2331,OS396826-1,AO9472-710,0
2332,OS396826-1,AO9472-710,0
2333,OS396826-1,AT8150-001,0
2334,OS396826-1,AT8150-001,0
2335,OS396826-1,AT8150-001,0
2336,OS396826-1,AT8150-001,0
2337,OS396826-1,AT8150-001,0
2338,OS396826-1,AT8150-001,0
2339,OS396826-1,AT8150-001,0
2340,OS396826-1,AT8150-001,0
2341,OS396826-1,AT8150-001,0
2342,OS396826-1,AT8150-001,0
2343,OS396826-1,AT8150-001,0
2344,OS396826-1,AT8150-010,0
2345,OS396826-1,AT8150-010,0
2346,OS396826-1,AT8150-010,0
2347,OS396826-1,AT8150-010,0
2348,OS396826-1,AT8150-010,0
2349,OS396826-1,AT8150-010,0
2350,OS396826-1,AT8150-010,0
2351,OS396826-1,AT8150-010,0
2352,OS396826-1,AT8150-010,0
2353,OS396826-1,AT8150-010,0
2354,OS396826-1,AT8150-010,0
2355,OS396826-1,AT8150-060,0
2356,OS396826-1,AT8150-060,0
2357,OS396826-1,AT8150-060,0
2358,OS396826-1,AT8150-060,0
2359,OS396826-1,AT8150-060,0
2360,OS396826-1,AT8150-060,0
2361,OS396826-1,AT8150-060,0
2362,OS396826-1,AT8150-060,0
2363,OS396826-1,AT8150-060,0
2364,OS396826-1,AT8150-060,0
2365,OS396826-1,AT8150-060,0
2366,OS396826-1,AT8150-410,0
2367,OS396826-1,AT8150-410,0
2368,OS396826-1,AT8150-410,0
2369,OS396826-1,AT8150-410,0
2370,OS396826-1,AT8150-410,0
2371,OS396826-1,AT8150-410,0
2372,OS396826-1,AT8150-410,0
2373,OS396826-1,AT8150-410,0
2374,OS396826-1,AT8150-410,0
2375,OS396826-1,AT8150-410,0
2376,OS396826-1,AT8150-410,0
2377,OS396826-1,AT8150-414,0
2378,OS396826-1,AT8150-414,0
2379,OS396826-1,AT8150-414,0
2380,OS396826-1,AT8150-414,0
2381,OS396826-1,AT8150-414,0
2382,OS396826-1,AT8150-414,0
2383,OS396826-1,AT8150-414,0
2384,OS396826-1,AT8150-414,0
2385,OS396826-1,AT8150-414,0
2386,OS396826-1,AT8150-414,0
2387,OS396826-1,AT8150-414,0
2388,OS396826-1,AT8150-606,0
2389,OS396826-1,AT8150-606,0
2390,OS396826-1,AT8150-606,0
2391,OS396826-1,AT8150-606,0
2392,OS396826-1,AT8150-606,0
2393,OS396826-1,AT8150-606,0
2394,OS396826-1,AT8150-606,0
2395,OS396826-1,AT8150-606,0
2396,OS396826-1,AT8150-606,0
2397,OS396826-1,AT8150-606,0
2398,OS396826-1,AT8150-606,0
2399,OS396826-1,AT8150-801,0
2400,OS396826-1,AT8150-801,0
2401,OS396826-1,AT8150-801,0
2402,OS396826-1,AT8150-801,0
2403,OS396826-1,AT8150-801,0
2404,OS396826-1,AT8150-801,0
2405,OS396826-1,AT8150-801,0
2406,OS396826-1,AT8150-801,0
2407,OS396826-1,AT8150-801,0
2408,OS396826-1,AT8150-801,0
2409,OS396826-1,AT8150-801,0
2410,OS396826-1,AT8161-001,0
2411,OS396826-1,AT8161-001,0
2412,OS396826-1,AT8161-001,0
2413,OS396826-1,AT8161-001,0
2414,OS396826-1,AT8161-001,0
2415,OS396826-1,AT8161-001,0
2416,OS396826-1,AT8161-001,0
2417,OS396826-1,AT8161-001,0
2418,OS396826-1,AT8161-001,0
2419,OS396826-1,AT8161-001,0
2420,OS396826-1,AT8161-001,0
2421,OS396826-1,AT8161-010,0
2422,OS396826-1,AT8161-010,0
2423,OS396826-1,AT8161-010,0
2424,OS396826-1,AT8161-010,0
2425,OS396826-1,AT8161-010,0
2426,OS396826-1,AT8161-010,0
2427,OS396826-1,AT8161-010,0
2428,OS396826-1,AT8161-010,0
2429,OS396826-1,AT8161-010,0
2430,OS396826-1,AT8161-010,0
2431,OS396826-1,AT8161-010,0
2432,OS396826-1,AT8161-060,0
2433,OS396826-1,AT8161-060,0
2434,OS396826-1,AT8161-060,0
2435,OS396826-1,AT8161-060,0
2436,OS396826-1,AT8161-060,0
2437,OS396826-1,AT8161-060,0
2438,OS396826-1,AT8161-060,0
2439,OS396826-1,AT8161-060,0
2440,OS396826-1,AT8161-060,0
2441,OS396826-1,AT8161-060,0
2442,OS396826-1,AT8161-060,0
2443,OS396826-1,AT8161-410,0
2444,OS396826-1,AT8161-410,0
2445,OS396826-1,AT8161-410,0
2446,OS396826-1,AT8161-410,0
2447,OS396826-1,AT8161-410,0
2448,OS396826-1,AT8161-410,0
2449,OS396826-1,AT8161-410,0
2450,OS396826-1,AT8161-410,0
2451,OS396826-1,AT8161-410,0
2452,OS396826-1,AT8161-410,0
2453,OS396826-1,AT8161-410,0
2454,OS396826-1,AT8161-414,0
2455,OS396826-1,AT8161-414,0
2456,OS396826-1,AT8161-414,0
2457,OS396826-1,AT8161-414,0
2458,OS396826-1,AT8161-414,0
2459,OS396826-1,AT8161-414,0
2460,OS396826-1,AT8161-414,0
2461,OS396826-1,AT8161-414,0
2462,OS396826-1,AT8161-414,0
2463,OS396826-1,AT8161-414,0
2464,OS396826-1,AT8161-414,0
2465,OS396826-1,AT8161-606,0
2466,OS396826-1,AT8161-606,0
2467,OS396826-1,AT8161-606,0
2468,OS396826-1,AT8161-606,0
2469,OS396826-1,AT8161-606,0
2470,OS396826-1,AT8161-606,0
2471,OS396826-1,AT8161-606,0
2472,OS396826-1,AT8161-606,0
2473,OS396826-1,AT8161-606,0
2474,OS396826-1,AT8161-606,0
2475,OS396826-1,AT8161-606,0
2476,OS396826-1,AT8161-801,0
2477,OS396826-1,AT8161-801,0
2478,OS396826-1,AT8161-801,0
2479,OS396826-1,AT8161-801,0
2480,OS396826-1,AT8161-801,0
2481,OS396826-1,AT8161-801,0
2482,OS396826-1,AT8161-801,0
2483,OS396826-1,AT8161-801,0
2484,OS396826-1,AT8161-801,0
2485,OS396826-1,AT8161-801,0
2486,OS396826-1,AT8161-801,0
2487,OS396826-1,AT8163-006,0
2488,OS396826-1,AT8163-006,0
2489,OS396826-1,AT8163-006,0
2490,OS396826-1,AT8163-006,0
2491,OS396826-1,AT8163-006,0
2492,OS396826-1,AT8163-006,0
2493,OS396826-1,AT8163-006,0
2494,OS396826-1,AT8163-006,0
2495,OS396826-1,AT8163-006,0
2496,OS396826-1,AT8163-006,0
2497,OS396826-1,AT8163-006,0
2498,OS396826-1,AV4762-170,0
2499,OS396826-1,AV4762-170,0
2500,OS396826-1,AV4762-170,0
2501,OS396826-1,AV4762-170,0
2502,OS396826-1,AV4762-170,0
2503,OS396826-1,AV4762-170,0
2504,OS396826-1,AV4762-170,0
2505,OS396826-1,AV4762-170,0
2506,OS396826-1,AV4762-170,0
2507,OS396826-1,AV4762-170,0
2508,OS396826-1,AV4762-170,0
2509,OS396826-1,BQ5418-110,0
2510,OS396826-1,BQ5418-110,0
2511,OS396826-1,BQ5418-110,0
2512,OS396826-1,BQ5418-110,0
2513,OS396826-1,BQ5418-110,0
2514,OS396826-1,BQ5418-110,0
2515,OS396826-1,BQ5418-110,0
2516,OS396826-1,BQ5418-110,0
2517,OS396826-1,BQ5418-110,0
2518,OS396826-1,BQ5418-110,0
2519,OS396826-1,BQ5418-110,0
2520,OS396826-1,BQ5418-401,0
2521,OS396826-1,BQ5418-401,0
2522,OS396826-1,BQ5418-401,0
2523,OS396826-1,BQ5418-401,0
2524,OS396826-1,BQ5418-401,0
2525,OS396826-1,BQ5418-401,0
2526,OS396826-1,BQ5418-401,0
2527,OS396826-1,BQ5418-401,0
2528,OS396826-1,BQ5418-401,0
2529,OS396826-1,BQ5418-401,0
2530,OS396826-1,BQ5418-401,0
2531,OS396826-1,BQ5418-703,0
2532,OS396826-1,BQ5418-703,0
2533,OS396826-1,BQ5418-703,0
2534,OS396826-1,BQ5418-703,0
2535,OS396826-1,BQ5418-703,0
2536,OS396826-1,BQ5418-703,0
2537,OS396826-1,BQ5418-703,0
2538,OS396826-1,BQ5418-703,0
2539,OS396826-1,BQ5418-703,0
2540,OS396826-1,BQ5418-703,0
2541,OS396826-1,BQ5418-703,0
2542,OS396826-1,CJ1148-110,0
2543,OS396826-1,CJ1148-110,0
2544,OS396826-1,CJ1148-110,0
2545,OS396826-1,CJ1148-110,0
2546,OS396826-1,CJ1148-110,0
2547,OS396826-1,CJ1148-110,0
2548,OS396826-1,CJ1148-110,0
2549,OS396826-1,CJ1148-110,0
2550,OS396826-1,CJ1148-110,0
2551,OS396826-1,CJ1148-110,0
2552,OS396826-1,CJ1148-110,0
2553,OS396826-1,CJ1148-401,0
2554,OS396826-1,CJ1148-401,0
2555,OS396826-1,CJ1148-401,0
2556,OS396826-1,CJ1148-401,0
2557,OS396826-1,CJ1148-401,0
2558,OS396826-1,CJ1148-401,0
2559,OS396826-1,CJ1148-401,0
2560,OS396826-1,CJ1148-401,0
2561,OS396826-1,CJ1148-401,0
2562,OS396826-1,CJ1148-401,0
2563,OS396826-1,CJ1148-401,0
2564,OS396826-1,CJ1148-703,0
2565,OS396826-1,CJ1148-703,0
2566,OS396826-1,CJ1148-703,0
2567,OS396826-1,CJ1148-703,0
2568,OS396826-1,CJ1148-703,0
2569,OS396826-1,CJ1148-703,0
2570,OS396826-1,CJ1148-703,0
2571,OS396826-1,CJ1148-703,0
2572,OS396826-1,CJ1148-703,0
2573,OS396826-1,CJ1148-703,0
2574,OS396826-1,CJ1148-703,0
2575,OS398734-1,CK8479-006,0
2576,OS398734-1,CK8479-006,0
2577,OS398734-1,CK8479-006,0
2578,OS398734-1,CK8479-006,0
2579,OS398734-1,CK8479-006,0
2580,OS398734-1,CK8479-006,0
2581,OS398734-1,CK8479-006,0
2582,OS398734-1,CK8479-006,0
2583,OS398734-1,CK8479-006,0
2584,OS398734-1,CK8479-006,0
2585,OS398734-1,CK8479-006,0
2586,OS398734-1,CK8479-060,0
2587,OS398734-1,CK8479-060,0
2588,OS398734-1,CK8479-060,0
2589,OS398734-1,CK8479-060,0
2590,OS398734-1,CK8479-060,0
2591,OS398734-1,CK8479-060,0
2592,OS398734-1,CK8479-060,0
2593,OS398734-1,CK8479-060,0
2594,OS398734-1,CK8479-060,0
2595,OS398734-1,CK8479-060,0
2596,OS398734-1,CK8479-060,0
2597,OS398734-1,CK8479-090,0
2598,OS398734-1,CK8479-090,0
2599,OS398734-1,CK8479-090,0
2600,OS398734-1,CK8479-090,0
2601,OS398734-1,CK8479-090,0
2602,OS398734-1,CK8479-090,0
2603,OS398734-1,CK8479-090,0
2604,OS398734-1,CK8479-090,0
2605,OS398734-1,CK8479-090,0
2606,OS398734-1,CK8479-090,0
2607,OS398734-1,CK8479-090,0
2608,OS398734-1,CK8479-160,0
2609,OS398734-1,CK8479-160,0
2610,OS398734-1,CK8479-160,0
2611,OS398734-1,CK8479-160,0
2612,OS398734-1,CK8479-160,0
2613,OS398734-1,CK8479-160,0
2614,OS398734-1,CK8479-160,0
2615,OS398734-1,CK8479-160,0
2616,OS398734-1,CK8479-160,0
2617,OS398734-1,CK8479-160,0
2618,OS398734-1,CK8479-160,0
2619,OS398734-1,CK8479-400,0
2620,OS398734-1,CK8479-400,0
2621,OS398734-1,CK8479-400,0
2622,OS398734-1,CK8479-400,0
2623,OS398734-1,CK8479-400,0
2624,OS398734-1,CK8479-400,0
2625,OS398734-1,CK8479-400,0
2626,OS398734-1,CK8479-400,0
2627,OS398734-1,CK8479-400,0
2628,OS398734-1,CK8479-400,0
2629,OS398734-1,CK8479-400,0
2630,OS396826-1,CV0790-004,0
2631,OS396826-1,CV0790-004,0
2632,OS396826-1,CV0790-004,0
2633,OS396826-1,CV0790-004,0
2634,OS396826-1,CV0790-004,0
2635,OS396826-1,CV0790-004,0
2636,OS396826-1,CV0790-004,0
2637,OS396826-1,CV0790-004,0
2638,OS396826-1,CV0790-004,0
2639,OS396826-1,CV0790-004,0
2640,OS396826-1,CV0790-004,0
2641,OS399066-1,CV0790-090,0
2642,OS399066-1,CV0790-090,0
2643,OS399066-1,CV0790-090,0
2644,OS399066-1,CV0790-090,0
2645,OS399066-1,CV0790-090,0
2646,OS399066-1,CV0790-090,0
2647,OS399066-1,CV0790-090,0
2648,OS399066-1,CV0790-090,0
2649,OS399066-1,CV0790-090,0
2650,OS399066-1,CV0790-090,0
2651,OS399066-1,CV0790-090,0
2652,OS399066-1,CV0790-600,0
2653,OS399066-1,CV0790-600,0
2654,OS399066-1,CV0790-600,0
2655,OS399066-1,CV0790-600,0
2656,OS399066-1,CV0790-600,0
2657,OS399066-1,CV0790-600,0
2658,OS399066-1,CV0790-600,0
2659,OS399066-1,CV0790-600,0
2660,OS399066-1,CV0790-600,0
2661,OS399066-1,CV0790-600,0
2662,OS399066-1,CV0790-600,0
2663,OS399066-1,CV0790-760,0
2664,OS399066-1,CV0790-760,0
2665,OS399066-1,CV0790-760,0
2666,OS399066-1,CV0790-760,0
2667,OS399066-1,CV0790-760,0
2668,OS399066-1,CV0790-760,0
2669,OS399066-1,CV0790-760,0
2670,OS399066-1,CV0790-760,0
2671,OS399066-1,CV0790-760,0
2672,OS399066-1,CV0790-760,0
2673,OS399066-1,CV0790-760,0
2674,OS399066-1,CV0823-004,0
2675,OS399066-1,CV0823-004,0
2676,OS399066-1,CV0823-004,0
2677,OS399066-1,CV0823-004,0
2678,OS399066-1,CV0823-004,0
2679,OS399066-1,CV0823-004,0
2680,OS399066-1,CV0823-004,0
2681,OS399066-1,CV0823-004,0
2682,OS399066-1,CV0823-004,0
2683,OS399066-1,CV0823-004,0
2684,OS399066-1,CV0823-004,0
2685,OS399066-1,CV0823-090,0
2686,OS399066-1,CV0823-090,0
2687,OS399066-1,CV0823-090,0
2688,OS399066-1,CV0823-090,0
2689,OS399066-1,CV0823-090,0
2690,OS399066-1,CV0823-090,0
2691,OS399066-1,CV0823-090,0
2692,OS399066-1,CV0823-090,0
2693,OS399066-1,CV0823-090,0
2694,OS399066-1,CV0823-090,0
2695,OS399066-1,CV0823-090,0
2696,OS399066-1,CV0823-600,0
2697,OS399066-1,CV0823-600,0
2698,OS399066-1,CV0823-600,0
2699,OS399066-1,CV0823-600,0
2700,OS399066-1,CV0823-600,0
2701,OS399066-1,CV0823-600,0
2702,OS399066-1,CV0823-600,0
2703,OS399066-1,CV0823-600,0
2704,OS399066-1,CV0823-600,0
2705,OS399066-1,CV0823-600,0
2706,OS399066-1,CV0823-600,0
2707,OS399066-1,CV0823-760,0
2708,OS399066-1,CV0823-760,0
2709,OS399066-1,CV0823-760,0
2710,OS399066-1,CV0823-760,0
2711,OS399066-1,CV0823-760,0
2712,OS399066-1,CV0823-760,0
2713,OS399066-1,CV0823-760,0
2714,OS399066-1,CV0823-760,0
2715,OS399066-1,CV0823-760,0
2716,OS399066-1,CV0823-760,0
2717,OS399066-1,CV0823-760,0
2718,OS399066-1,CV3285-180,0
2719,OS399066-1,CV3285-180,0
2720,OS399066-1,CV3285-180,0
2721,OS399066-1,CV3285-180,0
2722,OS399066-1,CV3285-180,0
2723,OS399066-1,CV3285-180,0
2724,OS399066-1,CV3285-180,0
2725,OS399066-1,CV3285-180,0
2726,OS399066-1,CV3285-180,0
2727,OS399066-1,CV3285-180,0
2728,OS399066-1,CV3285-180,0
2729,OS396826-1,CV9351-104,0
2730,OS396826-1,CV9351-104,0
2731,OS396826-1,CV9351-104,0
2732,OS396826-1,CV9351-104,0
2733,OS396826-1,CV9351-104,0
2734,OS396826-1,CV9351-104,0
2735,OS396826-1,CV9351-104,0
2736,OS396826-1,CV9351-104,0
2737,OS396826-1,CV9351-104,0
2738,OS396826-1,CV9351-104,0
2739,OS396826-1,CV9351-104,0
2740,OS398734-1,CW6727-006,0
2741,OS398734-1,CW6727-006,0
2742,OS398734-1,CW6727-006,0
2743,OS398734-1,CW6727-006,0
2744,OS398734-1,CW6727-006,0
2745,OS398734-1,CW6727-006,0
2746,OS398734-1,CW6727-006,0
2747,OS398734-1,CW6727-006,0
2748,OS398734-1,CW6727-006,0
2749,OS398734-1,CW6727-006,0
2750,OS398734-1,CW6727-006,0
2751,OS398734-1,CW6727-060,0
2752,OS398734-1,CW6727-060,0
2753,OS398734-1,CW6727-060,0
2754,OS398734-1,CW6727-060,0
2755,OS398734-1,CW6727-060,0
2756,OS398734-1,CW6727-060,0
2757,OS398734-1,CW6727-060,0
2758,OS398734-1,CW6727-060,0
2759,OS398734-1,CW6727-060,0
2760,OS398734-1,CW6727-060,0
2761,OS398734-1,CW6727-060,0
2762,OS398734-1,CW6727-090,0
2763,OS398734-1,CW6727-090,0
2764,OS398734-1,CW6727-090,0
2765,OS398734-1,CW6727-090,0
2766,OS398734-1,CW6727-090,0
2767,OS398734-1,CW6727-090,0
2768,OS398734-1,CW6727-090,0
2769,OS398734-1,CW6727-090,0
2770,OS398734-1,CW6727-090,0
2771,OS398734-1,CW6727-090,0
2772,OS398734-1,CW6727-090,0
2773,OS398734-1,CW6727-160,0
2774,OS398734-1,CW6727-160,0
2775,OS398734-1,CW6727-160,0
2776,OS398734-1,CW6727-160,0
2777,OS398734-1,CW6727-160,0
2778,OS398734-1,CW6727-160,0
2779,OS398734-1,CW6727-160,0
2780,OS398734-1,CW6727-160,0
2781,OS398734-1,CW6727-160,0
2782,OS398734-1,CW6727-160,0
2783,OS398734-1,CW6727-160,0
2784,OS398734-1,CW6727-400,0
2785,OS398734-1,CW6727-400,0
2786,OS398734-1,CW6727-400,0
2787,OS398734-1,CW6727-400,0
2788,OS398734-1,CW6727-400,0
2789,OS398734-1,CW6727-400,0
2790,OS398734-1,CW6727-400,0
2791,OS398734-1,CW6727-400,0
2792,OS398734-1,CW6727-400,0
2793,OS398734-1,CW6727-400,0
2794,OS398734-1,CW6727-400,0
2795,OS399066-1,DB0925-506,0
2796,OS399066-1,DB0925-506,0
2797,OS399066-1,DB0925-506,0
2798,OS399066-1,DB0925-506,0
2799,OS399066-1,DB0925-506,0
2800,OS399066-1,DB0925-506,0
2801,OS399066-1,DB0925-506,0
2802,OS399066-1,DB0925-506,0
2803,OS399066-1,DB0925-506,0
2804,OS399066-1,DB0925-506,0
2805,OS399066-1,DB0925-506,0
2806,OS399066-1,DB0926-600,0
2807,OS399066-1,DB0926-600,0
2808,OS399066-1,DB0926-600,0
2809,OS399066-1,DB0926-600,0
2810,OS399066-1,DB0926-600,0
2811,OS399066-1,DB0926-600,0
2812,OS399066-1,DB0926-600,0
2813,OS399066-1,DB0926-600,0
2814,OS399066-1,DB0926-600,0
2815,OS399066-1,DB0926-600,0
2816,OS399066-1,DB0926-600,0
2817,OS398734-1,DC0822-001,0
2818,OS398734-1,DC0822-001,0
2819,OS398734-1,DC0822-001,0
2820,OS398734-1,DC0822-001,0
2821,OS398734-1,DC0822-001,0
2822,OS398734-1,DC0822-001,0
2823,OS398734-1,DC0822-001,0
2824,OS398734-1,DC0822-001,0
2825,OS398734-1,DC0822-001,0
2826,OS398734-1,DC0822-001,0
2827,OS398734-1,DC0822-001,0
2828,OS398734-1,DC0822-407,0
2829,OS398734-1,DC0822-407,0
2830,OS398734-1,DC0822-407,0
2831,OS398734-1,DC0822-407,0
2832,OS398734-1,DC0822-407,0
2833,OS398734-1,DC0822-407,0
2834,OS398734-1,DC0822-407,0
2835,OS398734-1,DC0822-407,0
2836,OS398734-1,DC0822-407,0
2837,OS398734-1,DC0822-407,0
2838,OS398734-1,DC0822-407,0
2839,OS398734-1,DC0823-004,0
2840,OS398734-1,DC0823-004,0
2841,OS398734-1,DC0823-004,0
2842,OS398734-1,DC0823-004,0
2843,OS398734-1,DC0823-004,0
2844,OS398734-1,DC0823-004,0
2845,OS398734-1,DC0823-004,0
2846,OS398734-1,DC0823-004,0
2847,OS398734-1,DC0823-004,0
2848,OS398734-1,DC0823-004,0
2849,OS398734-1,DC0823-004,0
2850,OS398734-1,DC0823-007,0
2851,OS398734-1,DC0823-007,0
2852,OS398734-1,DC0823-007,0
2853,OS398734-1,DC0823-007,0
2854,OS398734-1,DC0823-007,0
2855,OS398734-1,DC0823-007,0
2856,OS398734-1,DC0823-007,0
2857,OS398734-1,DC0823-007,0
2858,OS398734-1,DC0823-007,0
2859,OS398734-1,DC0823-007,0
2860,OS398734-1,DC0823-007,0
2861,OS398734-1,DC0823-167,0
2862,OS398734-1,DC0823-167,0
2863,OS398734-1,DC0823-167,0
2864,OS398734-1,DC0823-167,0
2865,OS398734-1,DC0823-167,0
2866,OS398734-1,DC0823-167,0
2867,OS398734-1,DC0823-167,0
2868,OS398734-1,DC0823-167,0
2869,OS398734-1,DC0823-167,0
2870,OS398734-1,DC0823-167,0
2871,OS398734-1,DC0823-167,0
2872,OS398734-1,DC0823-407,0
2873,OS398734-1,DC0823-407,0
2874,OS398734-1,DC0823-407,0
2875,OS398734-1,DC0823-407,0
2876,OS398734-1,DC0823-407,0
2877,OS398734-1,DC0823-407,0
2878,OS398734-1,DC0823-407,0
2879,OS398734-1,DC0823-407,0
2880,OS398734-1,DC0823-407,0
2881,OS398734-1,DC0823-407,0
2882,OS398734-1,DC0823-407,0
2883,OS398734-1,DC0823-808,0
2884,OS398734-1,DC0823-808,0
2885,OS398734-1,DC0823-808,0
2886,OS398734-1,DC0823-808,0
2887,OS398734-1,DC0823-808,0
2888,OS398734-1,DC0823-808,0
2889,OS398734-1,DC0823-808,0
2890,OS398734-1,DC0823-808,0
2891,OS398734-1,DC0823-808,0
2892,OS398734-1,DC0823-808,0
2893,OS398734-1,DC0823-808,0
2894,OS400002-1,DD9563-010,0
2895,OS400002-1,DD9563-010,0
2896,OS400002-1,DD9563-010,0
2897,OS400002-1,DD9563-010,0
2898,OS400002-1,DD9563-010,0
2899,OS400002-1,DD9563-010,0
2900,OS400002-1,DD9563-010,0
2901,OS400002-1,DD9563-010,0
2902,OS400002-1,DD9563-010,0
2903,OS400002-1,DD9563-010,0
2904,OS400002-1,DD9563-010,0
2905,OS400002-1,DD9563-446,0
2906,OS400002-1,DD9563-446,0
2907,OS400002-1,DD9563-446,0
2908,OS400002-1,DD9563-446,0
2909,OS400002-1,DD9563-446,0
2910,OS400002-1,DD9563-446,0
2911,OS400002-1,DD9563-446,0
2912,OS400002-1,DD9563-446,0
2913,OS400002-1,DD9563-446,0
2914,OS400002-1,DD9563-446,0
2915,OS400002-1,DD9563-446,0
2916,OS400002-1,DD9564-010,0
2917,OS400002-1,DD9564-010,0
2918,OS400002-1,DD9564-010,0
2919,OS400002-1,DD9564-010,0
2920,OS400002-1,DD9564-010,0
2921,OS400002-1,DD9564-010,0
2922,OS400002-1,DD9564-010,0
2923,OS400002-1,DD9564-010,0
2924,OS400002-1,DD9564-010,0
2925,OS400002-1,DD9564-010,0
2926,OS400002-1,DD9564-010,0
2927,OS400002-1,DD9564-446,0
2928,OS400002-1,DD9564-446,0
2929,OS400002-1,DD9564-446,0
2930,OS400002-1,DD9564-446,0
2931,OS400002-1,DD9564-446,0
2932,OS400002-1,DD9564-446,0
2933,OS400002-1,DD9564-446,0
2934,OS400002-1,DD9564-446,0
2935,OS400002-1,DD9564-446,0
2936,OS400002-1,DD9564-446,0
2937,OS400002-1,DD9564-446,0
2938,OS399066-1,DJ2894-007,0
2939,OS399066-1,DJ2894-007,0
2940,OS399066-1,DJ2894-007,0
2941,OS399066-1,DJ2894-007,0
2942,OS399066-1,DJ2894-007,0
2943,OS399066-1,DJ2894-007,0
2944,OS399066-1,DJ2894-007,0
2945,OS399066-1,DJ2894-007,0
2946,OS399066-1,DJ2894-007,0
2947,OS399066-1,DJ2894-007,0
2948,OS399066-1,DJ2894-007,0
2949,OS399066-1,DJ2895-007,0
2950,OS399066-1,DJ2895-007,0
2951,OS399066-1,DJ2895-007,0
2952,OS399066-1,DJ2895-007,0
2953,OS399066-1,DJ2895-007,0
2954,OS399066-1,DJ2895-007,0
2955,OS399066-1,DJ2895-007,0
2956,OS399066-1,DJ2895-007,0
2957,OS399066-1,DJ2895-007,0
2958,OS399066-1,DJ2895-007,0
2959,OS399066-1,DJ2895-007,0
2960,OS399066-1,DJ2895-484,0
2961,OS399066-1,DJ2895-484,0
2962,OS399066-1,DJ2895-484,0
2963,OS399066-1,DJ2895-484,0
2964,OS399066-1,DJ2895-484,0
2965,OS399066-1,DJ2895-484,0
2966,OS399066-1,DJ2895-484,0
2967,OS399066-1,DJ2895-484,0
2968,OS399066-1,DJ2895-484,0
2969,OS399066-1,DJ2895-484,0
2970,OS399066-1,DJ2895-484,0
2971,OS400002-1,DJ5958-001,0
2972,OS400002-1,DJ5958-001,0
2973,OS400002-1,DJ5958-001,0
2974,OS400002-1,DJ5958-001,0
2975,OS400002-1,DJ5958-001,0
2976,OS400002-1,DJ5958-001,0
2977,OS400002-1,DJ5958-001,0
2978,OS400002-1,DJ5958-001,0
2979,OS400002-1,DJ5958-001,0
2980,OS400002-1,DJ5958-001,0
2981,OS400002-1,DJ5958-001,0
2982,OS400002-1,DJ5958-146,0
2983,OS400002-1,DJ5958-146,0
2984,OS400002-1,DJ5958-146,0
2985,OS400002-1,DJ5958-146,0
2986,OS400002-1,DJ5958-146,0
2987,OS400002-1,DJ5958-146,0
2988,OS400002-1,DJ5958-146,0
2989,OS400002-1,DJ5958-146,0
2990,OS400002-1,DJ5958-146,0
2991,OS400002-1,DJ5958-146,0
2992,OS400002-1,DJ5958-146,0
2993,OS400002-1,DJ5958-780,0
2994,OS400002-1,DJ5958-780,0
2995,OS400002-1,DJ5958-780,0
2996,OS400002-1,DJ5958-780,0
2997,OS400002-1,DJ5958-780,0
2998,OS400002-1,DJ5958-780,0
2999,OS400002-1,DJ5958-780,0
3000,OS400002-1,DJ5958-780,0
3001,OS400002-1,DJ5958-780,0
3002,OS400002-1,DJ5958-780,0
3003,OS400002-1,DJ5958-780,0
3004,OS400002-1,DJ5959-001,0
3005,OS400002-1,DJ5959-001,0
3006,OS400002-1,DJ5959-001,0
3007,OS400002-1,DJ5959-001,0
3008,OS400002-1,DJ5959-001,0
3009,OS400002-1,DJ5959-001,0
3010,OS400002-1,DJ5959-001,0
3011,OS400002-1,DJ5959-001,0
3012,OS400002-1,DJ5959-001,0
3013,OS400002-1,DJ5959-001,0
3014,OS400002-1,DJ5959-001,0
3015,OS400002-1,DJ5959-146,0
3016,OS400002-1,DJ5959-146,0
3017,OS400002-1,DJ5959-146,0
3018,OS400002-1,DJ5959-146,0
3019,OS400002-1,DJ5959-146,0
3020,OS400002-1,DJ5959-146,0
3021,OS400002-1,DJ5959-146,0
3022,OS400002-1,DJ5959-146,0
3023,OS400002-1,DJ5959-146,0
3024,OS400002-1,DJ5959-146,0
3025,OS400002-1,DJ5959-146,0
3026,OS400002-1,DJ5959-780,0
3027,OS400002-1,DJ5959-780,0
3028,OS400002-1,DJ5959-780,0
3029,OS400002-1,DJ5959-780,0
3030,OS400002-1,DJ5959-780,0
3031,OS400002-1,DJ5959-780,0
3032,OS400002-1,DJ5959-780,0
3033,OS400002-1,DJ5959-780,0
3034,OS400002-1,DJ5959-780,0
3035,OS400002-1,DJ5959-780,0
3036,OS400002-1,DJ5959-780,0
3037,OS399066-1,DN3770-375,0
3038,OS399066-1,DN3770-375,0
3039,OS399066-1,DN3770-375,0
3040,OS399066-1,DN3770-375,0
3041,OS399066-1,DN3770-375,0
3042,OS399066-1,DN3770-375,0
3043,OS399066-1,DN3770-375,0
3044,OS399066-1,DN3770-375,0
3045,OS399066-1,DN3770-375,0
3046,OS399066-1,DN3770-375,0
3047,OS399066-1,DN3770-375,0
3048,OS400002-1,DO9789-694,0
3049,OS400002-1,DO9789-694,0
3050,OS400002-1,DO9789-694,0
3051,OS400002-1,DO9789-694,0
3052,OS400002-1,DO9789-694,0
3053,OS400002-1,DO9789-694,0
3054,OS400002-1,DO9789-694,0
3055,OS400002-1,DO9789-694,0
3056,OS400002-1,DO9789-694,0
3057,OS400002-1,DO9789-694,0
3058,OS400002-1,DO9789-694,0
3059,OS400002-1,DR6047-810,0
3060,OS400002-1,DR6047-810,0
3061,OS400002-1,DR6047-810,0
3062,OS400002-1,DR6047-810,0
3063,OS400002-1,DR6047-810,0
3064,OS400002-1,DR6047-810,0
3065,OS400002-1,DR6047-810,0
3066,OS400002-1,DR6047-810,0
3067,OS400002-1,DR6047-810,0
3068,OS400002-1,DR6047-810,0
3069,OS400002-1,DR6047-810,0
3070,OS400002-1,DR6048-810,0
3071,OS400002-1,DR6048-810,0
3072,OS400002-1,DR6048-810,0
3073,OS400002-1,DR6048-810,0
3074,OS400002-1,DR6048-810,0
3075,OS400002-1,DR6048-810,0
3076,OS400002-1,DR6048-810,0
3077,OS400002-1,DR6048-810,0
3078,OS400002-1,DR6048-810,0
3079,OS400002-1,DR6048-810,0
3080,OS400002-1,DR6048-810,0
3081,OS398734-1,DR6057-810,0
3082,OS398734-1,DR6057-810,0
3083,OS398734-1,DR6057-810,0
3084,OS398734-1,DR6057-810,0
3085,OS398734-1,DR6057-810,0
3086,OS398734-1,DR6057-810,0
3087,OS398734-1,DR6057-810,0
3088,OS398734-1,DR6057-810,0
3089,OS398734-1,DR6057-810,0
3090,OS398734-1,DR6057-810,0
3091,OS398734-1,DR6057-810,0
3092,OS398734-1,DR6058-810,0
3093,OS398734-1,DR6058-810,0
3094,OS398734-1,DR6058-810,0
3095,OS398734-1,DR6058-810,0
3096,OS398734-1,DR6058-810,0
3097,OS398734-1,DR6058-810,0
3098,OS398734-1,DR6058-810,0
3099,OS398734-1,DR6058-810,0
3100,OS398734-1,DR6058-810,0
3101,OS398734-1,DR6058-810,0
3102,OS398734-1,DR6058-810,0
3103,OS400002-1,DV2985-375,0
3104,OS400002-1,DV2985-375,0
3105,OS400002-1,DV2985-375,0
3106,OS400002-1,DV2985-375,0
3107,OS400002-1,DV2985-375,0
3108,OS400002-1,DV2985-375,0
3109,OS400002-1,DV2985-375,0
3110,OS400002-1,DV2985-375,0
3111,OS400002-1,DV2985-375,0
3112,OS400002-1,DV2985-375,0
3113,OS400002-1,DV2985-375,0
