ART_CO,,
,ART,CO
0,AH7363-001, 00A
1,AH7363-001, 00A
2,AH7363-001, 00A
3,AH7363-001, 00A
4,AH7363-001, 00A
5,AH7363-001, 00A
6,AH7363-001, 00A
7,AH7363-001, 00A
8,AH7363-001, 00A
9,AH7363-001, 00A
10,AH7363-001, 00A
11,AH7363-001, 00A
12,AH7363-001, 00A
13,AH7363-001, 00A
14,AH7363-001, 00A
15,AH7363-001, 00A
16,AH7363-001, 00A
17,AH7363-001, 00A
18,AH7363-001, 00A
19,AH7363-060, 00A
20,AH7363-060, 00A
21,AH7363-060, 00A
22,AH7363-060, 00A
23,AH7363-060, 00A
24,AH7363-060, 00A
25,AH7363-060, 00A
26,AH7363-060, 00A
27,AH7363-060, 00A
28,AH7363-060, 00A
29,AH7363-060, 00A
30,AH7363-060, 00A
31,AH7363-060, 00A
32,AH7363-060, 00A
33,AH7363-060, 00A
34,AH7363-060, 00A
35,AH7363-060, 00A
36,AH7363-060, 00A
37,AH7363-060, 00A
38,AH7363-070 , 73W
39,AH7363-070 , 73W
40,AH7363-070 , 73W
41,AH7363-070 , 73W
42,AH7363-070 , 73W
43,AH7363-070 , 73W
44,AH7363-070 , 73W
45,AH7363-070 , 73W
46,AH7363-070 , 73W
47,AH7363-070 , 73W
48,AH7363-070 , 73W
49,AH7363-070 , 73W
50,AH7363-070 , 73W
51,AH7363-070 , 73W
52,AH7363-070 , 73W
53,AH7363-070 , 73W
54,AH7363-070 , 73W
55,AH7363-070 , 73W
56,AH7363-070 , 73W
57,AH7363-077, 00A
58,AH7363-077, 00A
59,AH7363-077, 00A
60,AH7363-077, 00A
61,AH7363-077, 00A
62,AH7363-077, 00A
63,AH7363-077, 00A
64,AH7363-077, 00A
65,AH7363-077, 00A
66,AH7363-077, 00A
67,AH7363-077, 00A
68,AH7363-077, 00A
69,AH7363-077, 00A
70,AH7363-077, 00A
71,AH7363-077, 00A
72,AH7363-077, 00A
73,AH7363-077, 00A
74,AH7363-077, 00A
75,AH7363-077, 00A
76,AH7363-081, 00A
77,AH7363-081, 00A
78,AH7363-081, 00A
79,AH7363-081, 00A
80,AH7363-081, 00A
81,AH7363-081, 00A
82,AH7363-081, 00A
83,AH7363-081, 00A
84,AH7363-081, 00A
85,AH7363-081, 00A
86,AH7363-081, 00A
87,AH7363-081, 00A
88,AH7363-081, 00A
89,AH7363-081, 00A
90,AH7363-081, 00A
91,AH7363-081, 00A
92,AH7363-081, 00A
93,AH7363-081, 00A
94,AH7363-081, 00A
95,AH7363-107,80S
96,AH7363-107,80S
97,AH7363-107,80S
98,AH7363-107,80S
99,AH7363-107,80S
100,AH7363-107,80S
101,AH7363-107,80S
102,AH7363-107,80S
103,AH7363-107,80S
104,AH7363-107,80S
105,AH7363-107,80S
106,AH7363-107,80S
107,AH7363-107,80S
108,AH7363-107,80S
109,AH7363-107,80S
110,AH7363-107,80S
111,AH7363-107,80S
112,AH7363-107,80S
113,AH7363-107,80S
114,AH7363- 408, 01V
115,AH7363- 408, 01V
116,AH7363- 408, 01V
117,AH7363- 408, 01V
118,AH7363- 408, 01V
119,AH7363- 408, 01V
120,AH7363- 408, 01V
121,AH7363- 408, 01V
122,AH7363- 408, 01V
123,AH7363- 408, 01V
124,AH7363- 408, 01V
125,AH7363- 408, 01V
126,AH7363- 408, 01V
127,AH7363- 408, 01V
128,AH7363- 408, 01V
129,AH7363- 408, 01V
130,AH7363- 408, 01V
131,AH7363- 408, 01V
132,AH7363- 408, 01V
133,AH7363-454, 73W
134,AH7363-454, 73W
135,AH7363-454, 73W
136,AH7363-454, 73W
137,AH7363-454, 73W
138,AH7363-454, 73W
139,AH7363-454, 73W
140,AH7363-454, 73W
141,AH7363-454, 73W
142,AH7363-454, 73W
143,AH7363-454, 73W
144,AH7363-454, 73W
145,AH7363-454, 73W
146,AH7363-454, 73W
147,AH7363-454, 73W
148,AH7363-454, 73W
149,AH7363-454, 73W
150,AH7363-454, 73W
151,AH7363-454, 73W
152,AH7363-606, 00A
153,AH7363-606, 00A
154,AH7363-606, 00A
155,AH7363-606, 00A
156,AH7363-606, 00A
157,AH7363-606, 00A
158,AH7363-606, 00A
159,AH7363-606, 00A
160,AH7363-606, 00A
161,AH7363-606, 00A
162,AH7363-606, 00A
163,AH7363-606, 00A
164,AH7363-606, 00A
165,AH7363-606, 00A
166,AH7363-606, 00A
167,AH7363-606, 00A
168,AH7363-606, 00A
169,AH7363-606, 00A
170,AH7363-606, 00A
171,AH7363-701, 10A
172,AH7363-701, 10A
173,AH7363-701, 10A
174,AH7363-701, 10A
175,AH7363-701, 10A
176,AH7363-701, 10A
177,AH7363-701, 10A
178,AH7363-701, 10A
179,AH7363-701, 10A
180,AH7363-701, 10A
181,AH7363-701, 10A
182,AH7363-701, 10A
183,AH7363-701, 10A
184,AH7363-701, 10A
185,AH7363-701, 10A
186,AH7363-701, 10A
187,AH7363-701, 10A
188,AH7363-701, 10A
189,AH7363-701, 10A
190,AH7363-801, 00A
191,AH7363-801, 00A
192,AH7363-801, 00A
193,AH7363-801, 00A
194,AH7363-801, 00A
195,AH7363-801, 00A
196,AH7363-801, 00A
197,AH7363-801, 00A
198,AH7363-801, 00A
199,AH7363-801, 00A
200,AH7363-801, 00A
201,AH7363-801, 00A
202,AH7363-801, 00A
203,AH7363-801, 00A
204,AH7363-801, 00A
205,AH7363-801, 00A
206,AH7363-801, 00A
207,AH7363-801, 00A
208,AH7363-801, 00A
209,AH7363-810, 00A
210,AH7363-810, 00A
211,AH7363-810, 00A
212,AH7363-810, 00A
213,AH7363-810, 00A
214,AH7363-810, 00A
215,AH7363-810, 00A
216,AH7363-810, 00A
217,AH7363-810, 00A
218,AH7363-810, 00A
219,AH7363-810, 00A
220,AH7363-810, 00A
221,AH7363-810, 00A
222,AH7363-810, 00A
223,AH7363-810, 00A
224,AH7363-810, 00A
225,AH7363-810, 00A
226,AH7363-810, 00A
227,AH7363-810, 00A
228,AH7378-001, 00A
229,AH7378-001, 00A
230,AH7378-001, 00A
231,AH7378-001, 00A
232,AH7378-001, 00A
233,AH7378-001, 00A
234,AH7378-001, 00A
235,AH7378-001, 00A
236,AH7378-001, 00A
237,AH7378-001, 00A
238,AH7378-001, 00A
239,AH7378-001, 00A
240,AH7378-001, 00A
241,AH7378-001, 00A
242,AH7378-001, 00A
243,AH7378-001, 00A
244,AH7378-001, 00A
245,AH7378-001, 00A
246,AH7378-001, 00A
247,AH7378-060, 00A
248,AH7378-060, 00A
249,AH7378-060, 00A
250,AH7378-060, 00A
251,AH7378-060, 00A
252,AH7378-060, 00A
253,AH7378-060, 00A
254,AH7378-060, 00A
255,AH7378-060, 00A
256,AH7378-060, 00A
257,AH7378-060, 00A
258,AH7378-060, 00A
259,AH7378-060, 00A
260,AH7378-060, 00A
261,AH7378-060, 00A
262,AH7378-060, 00A
263,AH7378-060, 00A
264,AH7378-060, 00A
265,AH7378-060, 00A
266,AH7378-070,73W
267,AH7378-070,73W
268,AH7378-070,73W
269,AH7378-070,73W
270,AH7378-070,73W
271,AH7378-070,73W
272,AH7378-070,73W
273,AH7378-070,73W
274,AH7378-070,73W
275,AH7378-070,73W
276,AH7378-070,73W
277,AH7378-070,73W
278,AH7378-070,73W
279,AH7378-070,73W
280,AH7378-070,73W
281,AH7378-070,73W
282,AH7378-070,73W
283,AH7378-070,73W
284,AH7378-070,73W
285,AH7378-077, 00A
286,AH7378-077, 00A
287,AH7378-077, 00A
288,AH7378-077, 00A
289,AH7378-077, 00A
290,AH7378-077, 00A
291,AH7378-077, 00A
292,AH7378-077, 00A
293,AH7378-077, 00A
294,AH7378-077, 00A
295,AH7378-077, 00A
296,AH7378-077, 00A
297,AH7378-077, 00A
298,AH7378-077, 00A
299,AH7378-077, 00A
300,AH7378-077, 00A
301,AH7378-077, 00A
302,AH7378-077, 00A
303,AH7378-077, 00A
304,AH7378-081, 00A
305,AH7378-081, 00A
306,AH7378-081, 00A
307,AH7378-081, 00A
308,AH7378-081, 00A
309,AH7378-081, 00A
310,AH7378-081, 00A
311,AH7378-081, 00A
312,AH7378-081, 00A
313,AH7378-081, 00A
314,AH7378-081, 00A
315,AH7378-081, 00A
316,AH7378-081, 00A
317,AH7378-081, 00A
318,AH7378-081, 00A
319,AH7378-081, 00A
320,AH7378-081, 00A
321,AH7378-081, 00A
322,AH7378-081, 00A
323,AH7378-107,80S
324,AH7378-107,80S
325,AH7378-107,80S
326,AH7378-107,80S
327,AH7378-107,80S
328,AH7378-107,80S
329,AH7378-107,80S
330,AH7378-107,80S
331,AH7378-107,80S
332,AH7378-107,80S
333,AH7378-107,80S
334,AH7378-107,80S
335,AH7378-107,80S
336,AH7378-107,80S
337,AH7378-107,80S
338,AH7378-107,80S
339,AH7378-107,80S
340,AH7378-107,80S
341,AH7378-107,80S
342,AH7378-408,01V
343,AH7378-408,01V
344,AH7378-408,01V
345,AH7378-408,01V
346,AH7378-408,01V
347,AH7378-408,01V
348,AH7378-408,01V
349,AH7378-408,01V
350,AH7378-408,01V
351,AH7378-408,01V
352,AH7378-408,01V
353,AH7378-408,01V
354,AH7378-408,01V
355,AH7378-408,01V
356,AH7378-408,01V
357,AH7378-408,01V
358,AH7378-408,01V
359,AH7378-408,01V
360,AH7378-408,01V
361,AH7378-701, 00A
362,AH7378-701, 00A
363,AH7378-701, 00A
364,AH7378-701, 00A
365,AH7378-701, 00A
366,AH7378-701, 00A
367,AH7378-701, 00A
368,AH7378-701, 00A
369,AH7378-701, 00A
370,AH7378-701, 00A
371,AH7378-701, 00A
372,AH7378-701, 00A
373,AH7378-701, 00A
374,AH7378-701, 00A
375,AH7378-701, 00A
376,AH7378-701, 00A
377,AH7378-701, 00A
378,AH7378-701, 00A
379,AH7378-701, 00A
380,AH7378-801, 10A
381,AH7378-801, 10A
382,AH7378-801, 10A
383,AH7378-801, 10A
384,AH7378-801, 10A
385,AH7378-801, 10A
386,AH7378-801, 10A
387,AH7378-801, 10A
388,AH7378-801, 10A
389,AH7378-801, 10A
390,AH7378-801, 10A
391,AH7378-801, 10A
392,AH7378-801, 10A
393,AH7378-801, 10A
394,AH7378-801, 10A
395,AH7378-801, 10A
396,AH7378-801, 10A
397,AH7378-801, 10A
398,AH7378-801, 10A
399,AH7378-810, 00A
400,AH7378-810, 00A
401,AH7378-810, 00A
402,AH7378-810, 00A
403,AH7378-810, 00A
404,AH7378-810, 00A
405,AH7378-810, 00A
406,AH7378-810, 00A
407,AH7378-810, 00A
408,AH7378-810, 00A
409,AH7378-810, 00A
410,AH7378-810, 00A
411,AH7378-810, 00A
412,AH7378-810, 00A
413,AH7378-810, 00A
414,AH7378-810, 00A
415,AH7378-810, 00A
416,AH7378-810, 00A
417,AH7378-810, 00A
418,AJ3545-109, 10A
419,AJ3545-109, 10A
420,AJ3545-109, 10A
421,AJ3545-109, 10A
422,AJ3545-109, 10A
423,AJ3545-109, 10A
424,AJ3545-109, 10A
425,AJ3545-109, 10A
426,AJ3545-109, 10A
427,AJ3545-109, 10A
428,AJ3545-109, 10A
429,AJ3545-109, 10A
430,AJ3545-109, 10A
431,AJ3545-109, 10A
432,AJ3545-109, 10A
433,AJ3545-109, 10A
434,AJ3545-109, 10A
435,AJ3545-109, 10A
436,AJ3545-109, 10A
437,AJ3545-390, 00A
438,AJ3545-390, 00A
439,AJ3545-390, 00A
440,AJ3545-390, 00A
441,AJ3545-390, 00A
442,AJ3545-390, 00A
443,AJ3545-390, 00A
444,AJ3545-390, 00A
445,AJ3545-390, 00A
446,AJ3545-390, 00A
447,AJ3545-390, 00A
448,AJ3545-390, 00A
449,AJ3545-390, 00A
450,AJ3545-390, 00A
451,AJ3545-390, 00A
452,AJ3545-390, 00A
453,AJ3545-390, 00A
454,AJ3545-390, 00A
455,AJ3545-390, 00A
456,AJ3545-600, 00A
457,AJ3545-600, 00A
458,AJ3545-600, 00A
459,AJ3545-600, 00A
460,AJ3545-600, 00A
461,AJ3545-600, 00A
462,AJ3545-600, 00A
463,AJ3545-600, 00A
464,AJ3545-600, 00A
465,AJ3545-600, 00A
466,AJ3545-600, 00A
467,AJ3545-600, 00A
468,AJ3545-600, 00A
469,AJ3545-600, 00A
470,AJ3545-600, 00A
471,AJ3545-600, 00A
472,AJ3545-600, 00A
473,AJ3545-600, 00A
474,AJ3545-600, 00A
475,AJ3723-390, 00A
476,AJ3723-390, 00A
477,AJ3723-390, 00A
478,AJ3723-390, 00A
479,AJ3723-390, 00A
480,AJ3723-390, 00A
481,AJ3723-390, 00A
482,AJ3723-390, 00A
483,AJ3723-390, 00A
484,AJ3723-390, 00A
485,AJ3723-390, 00A
486,AJ3723-390, 00A
487,AJ3723-390, 00A
488,AJ3723-390, 00A
489,AJ3723-390, 00A
490,AJ3723-390, 00A
491,AJ3723-390, 00A
492,AJ3723-390, 00A
493,AJ3723-390, 00A
494,AJ3723-600, 00A
495,AJ3723-600, 00A
496,AJ3723-600, 00A
497,AJ3723-600, 00A
498,AJ3723-600, 00A
499,AJ3723-600, 00A
500,AJ3723-600, 00A
501,AJ3723-600, 00A
502,AJ3723-600, 00A
503,AJ3723-600, 00A
504,AJ3723-600, 00A
505,AJ3723-600, 00A
506,AJ3723-600, 00A
507,AJ3723-600, 00A
508,AJ3723-600, 00A
509,AJ3723-600, 00A
510,AJ3723-600, 00A
511,AJ3723-600, 00A
512,AJ3723-600, 00A
513,AO3129-170, 00A
514,AO3129-170, 00A
515,AO3129-170, 00A
516,AO3129-170, 00A
517,AO3129-170, 00A
518,AO3129-170, 00A
519,AO3129-170, 00A
520,AO3129-170, 00A
521,AO3129-170, 00A
522,AO3129-170, 00A
523,AO3129-170, 00A
524,AO3129-170, 00A
525,AO3129-170, 00A
526,AO3129-170, 00A
527,AO3129-170, 00A
528,AO3129-170, 00A
529,AO3129-170, 00A
530,AO3129-170, 00A
531,AO3129-170, 00A
532,AO3129-710, 00A
533,AO3129-710, 00A
534,AO3129-710, 00A
535,AO3129-710, 00A
536,AO3129-710, 00A
537,AO3129-710, 00A
538,AO3129-710, 00A
539,AO3129-710, 00A
540,AO3129-710, 00A
541,AO3129-710, 00A
542,AO3129-710, 00A
543,AO3129-710, 00A
544,AO3129-710, 00A
545,AO3129-710, 00A
546,AO3129-710, 00A
547,AO3129-710, 00A
548,AO3129-710, 00A
549,AO3129-710, 00A
550,AO3129-710, 00A
551,AO9467-170, 00A
552,AO9467-170, 00A
553,AO9467-170, 00A
554,AO9467-170, 00A
555,AO9467-170, 00A
556,AO9467-170, 00A
557,AO9467-170, 00A
558,AO9467-170, 00A
559,AO9467-170, 00A
560,AO9467-170, 00A
561,AO9467-170, 00A
562,AO9467-170, 00A
563,AO9467-170, 00A
564,AO9467-170, 00A
565,AO9467-170, 00A
566,AO9467-170, 00A
567,AO9467-170, 00A
568,AO9467-170, 00A
569,AO9467-170, 00A
570,AO9467-710, 00A
571,AO9467-710, 00A
572,AO9467-710, 00A
573,AO9467-710, 00A
574,AO9467-710, 00A
575,AO9467-710, 00A
576,AO9467-710, 00A
577,AO9467-710, 00A
578,AO9467-710, 00A
579,AO9467-710, 00A
580,AO9467-710, 00A
581,AO9467-710, 00A
582,AO9467-710, 00A
583,AO9467-710, 00A
584,AO9467-710, 00A
585,AO9467-710, 00A
586,AO9467-710, 00A
587,AO9467-710, 00A
588,AO9467-710, 00A
589,AT7949-001, 00A
590,AT7949-001, 00A
591,AT7949-001, 00A
592,AT7949-001, 00A
593,AT7949-001, 00A
594,AT7949-001, 00A
595,AT7949-001, 00A
596,AT7949-001, 00A
597,AT7949-001, 00A
598,AT7949-001, 00A
599,AT7949-001, 00A
600,AT7949-001, 00A
601,AT7949-001, 00A
602,AT7949-001, 00A
603,AT7949-001, 00A
604,AT7949-001, 00A
605,AT7949-001, 00A
606,AT7949-001, 00A
607,AT7949-001, 00A
608,AT7949-010, 00A
609,AT7949-010, 00A
610,AT7949-010, 00A
611,AT7949-010, 00A
612,AT7949-010, 00A
613,AT7949-010, 00A
614,AT7949-010, 00A
615,AT7949-010, 00A
616,AT7949-010, 00A
617,AT7949-010, 00A
618,AT7949-010, 00A
619,AT7949-010, 00A
620,AT7949-010, 00A
621,AT7949-010, 00A
622,AT7949-010, 00A
623,AT7949-010, 00A
624,AT7949-010, 00A
625,AT7949-010, 00A
626,AT7949-010, 00A
627,AT7949-060, 00A
628,AT7949-060, 00A
629,AT7949-060, 00A
630,AT7949-060, 00A
631,AT7949-060, 00A
632,AT7949-060, 00A
633,AT7949-060, 00A
634,AT7949-060, 00A
635,AT7949-060, 00A
636,AT7949-060, 00A
637,AT7949-060, 00A
638,AT7949-060, 00A
639,AT7949-060, 00A
640,AT7949-060, 00A
641,AT7949-060, 00A
642,AT7949-060, 00A
643,AT7949-060, 00A
644,AT7949-060, 00A
645,AT7949-060, 00A
646,AT7949-163,6HR
647,AT7949-163,6HR
648,AT7949-163,6HR
649,AT7949-163,6HR
650,AT7949-163,6HR
651,AT7949-163,6HR
652,AT7949-163,6HR
653,AT7949-163,6HR
654,AT7949-163,6HR
655,AT7949-163,6HR
656,AT7949-163,6HR
657,AT7949-163,6HR
658,AT7949-163,6HR
659,AT7949-163,6HR
660,AT7949-163,6HR
661,AT7949-163,6HR
662,AT7949-163,6HR
663,AT7949-163,6HR
664,AT7949-163,6HR
665,AT7949-414,4LQ
666,AT7949-414,4LQ
667,AT7949-414,4LQ
668,AT7949-414,4LQ
669,AT7949-414,4LQ
670,AT7949-414,4LQ
671,AT7949-414,4LQ
672,AT7949-414,4LQ
673,AT7949-414,4LQ
674,AT7949-414,4LQ
675,AT7949-414,4LQ
676,AT7949-414,4LQ
677,AT7949-414,4LQ
678,AT7949-414,4LQ
679,AT7949-414,4LQ
680,AT7949-414,4LQ
681,AT7949-414,4LQ
682,AT7949-414,4LQ
683,AT7949-414,4LQ
684,AT7949-606,68U
685,AT7949-606,68U
686,AT7949-606,68U
687,AT7949-606,68U
688,AT7949-606,68U
689,AT7949-606,68U
690,AT7949-606,68U
691,AT7949-606,68U
692,AT7949-606,68U
693,AT7949-606,68U
694,AT7949-606,68U
695,AT7949-606,68U
696,AT7949-606,68U
697,AT7949-606,68U
698,AT7949-606,68U
699,AT7949-606,68U
700,AT7949-606,68U
701,AT7949-606,68U
702,AT7949-606,68U
703,AT7949-801, 00A
704,AT7949-801, 00A
705,AT7949-801, 00A
706,AT7949-801, 00A
707,AT7949-801, 00A
708,AT7949-801, 00A
709,AT7949-801, 00A
710,AT7949-801, 00A
711,AT7949-801, 00A
712,AT7949-801, 00A
713,AT7949-801, 00A
714,AT7949-801, 00A
715,AT7949-801, 00A
716,AT7949-801, 00A
717,AT7949-801, 00A
718,AT7949-801, 00A
719,AT7949-801, 00A
720,AT7949-801, 00A
721,AT7949-801, 00A
722,AT7967-006, 00A
723,AT7967-006, 00A
724,AT7967-006, 00A
725,AT7967-006, 00A
726,AT7967-006, 00A
727,AT7967-006, 00A
728,AT7967-006, 00A
729,AT7967-006, 00A
730,AT7967-006, 00A
731,AT7967-006, 00A
732,AT7967-006, 00A
733,AT7967-006, 00A
734,AT7967-006, 00A
735,AT7967-006, 00A
736,AT7967-006, 00A
737,AT7967-006, 00A
738,AT7967-006, 00A
739,AT7967-006, 00A
740,AT7967-006, 00A
741,AT7967-104, 10A
742,AT7967-104, 10A
743,AT7967-104, 10A
744,AT7967-104, 10A
745,AT7967-104, 10A
746,AT7967-104, 10A
747,AT7967-104, 10A
748,AT7967-104, 10A
749,AT7967-104, 10A
750,AT7967-104, 10A
751,AT7967-104, 10A
752,AT7967-104, 10A
753,AT7967-104, 10A
754,AT7967-104, 10A
755,AT7967-104, 10A
756,AT7967-104, 10A
757,AT7967-104, 10A
758,AT7967-104, 10A
759,AT7967-104, 10A
760, AT7968-001, 00A
761, AT7968-001, 00A
762, AT7968-001, 00A
763, AT7968-001, 00A
764, AT7968-001, 00A
765, AT7968-001, 00A
766, AT7968-001, 00A
767, AT7968-001, 00A
768, AT7968-001, 00A
769, AT7968-001, 00A
770, AT7968-001, 00A
771, AT7968-001, 00A
772, AT7968-001, 00A
773, AT7968-001, 00A
774, AT7968-001, 00A
775, AT7968-001, 00A
776, AT7968-001, 00A
777, AT7968-001, 00A
778, AT7968-001, 00A
779,AT7968-010, 00A
780,AT7968-010, 00A
781,AT7968-010, 00A
782,AT7968-010, 00A
783,AT7968-010, 00A
784,AT7968-010, 00A
785,AT7968-010, 00A
786,AT7968-010, 00A
787,AT7968-010, 00A
788,AT7968-010, 00A
789,AT7968-010, 00A
790,AT7968-010, 00A
791,AT7968-010, 00A
792,AT7968-010, 00A
793,AT7968-010, 00A
794,AT7968-010, 00A
795,AT7968-010, 00A
796,AT7968-010, 00A
797,AT7968-010, 00A
798,AT7968-060, 00A
799,AT7968-060, 00A
800,AT7968-060, 00A
801,AT7968-060, 00A
802,AT7968-060, 00A
803,AT7968-060, 00A
804,AT7968-060, 00A
805,AT7968-060, 00A
806,AT7968-060, 00A
807,AT7968-060, 00A
808,AT7968-060, 00A
809,AT7968-060, 00A
810,AT7968-060, 00A
811,AT7968-060, 00A
812,AT7968-060, 00A
813,AT7968-060, 00A
814,AT7968-060, 00A
815,AT7968-060, 00A
816,AT7968-060, 00A
817,AT7968-410, 00A
818,AT7968-410, 00A
819,AT7968-410, 00A
820,AT7968-410, 00A
821,AT7968-410, 00A
822,AT7968-410, 00A
823,AT7968-410, 00A
824,AT7968-410, 00A
825,AT7968-410, 00A
826,AT7968-410, 00A
827,AT7968-410, 00A
828,AT7968-410, 00A
829,AT7968-410, 00A
830,AT7968-410, 00A
831,AT7968-410, 00A
832,AT7968-410, 00A
833,AT7968-410, 00A
834,AT7968-410, 00A
835,AT7968-410, 00A
836, AT7968-414,4LQ
837, AT7968-414,4LQ
838, AT7968-414,4LQ
839, AT7968-414,4LQ
840, AT7968-414,4LQ
841, AT7968-414,4LQ
842, AT7968-414,4LQ
843, AT7968-414,4LQ
844, AT7968-414,4LQ
845, AT7968-414,4LQ
846, AT7968-414,4LQ
847, AT7968-414,4LQ
848, AT7968-414,4LQ
849, AT7968-414,4LQ
850, AT7968-414,4LQ
851, AT7968-414,4LQ
852, AT7968-414,4LQ
853, AT7968-414,4LQ
854, AT7968-414,4LQ
855,AT7968-606,68U
856,AT7968-606,68U
857,AT7968-606,68U
858,AT7968-606,68U
859,AT7968-606,68U
860,AT7968-606,68U
861,AT7968-606,68U
862,AT7968-606,68U
863,AT7968-606,68U
864,AT7968-606,68U
865,AT7968-606,68U
866,AT7968-606,68U
867,AT7968-606,68U
868,AT7968-606,68U
869,AT7968-606,68U
870,AT7968-606,68U
871,AT7968-606,68U
872,AT7968-606,68U
873,AT7968-606,68U
874,AT7968-801,00A
875,AT7968-801,00A
876,AT7968-801,00A
877,AT7968-801,00A
878,AT7968-801,00A
879,AT7968-801,00A
880,AT7968-801,00A
881,AT7968-801,00A
882,AT7968-801,00A
883,AT7968-801,00A
884,AT7968-801,00A
885,AT7968-801,00A
886,AT7968-801,00A
887,AT7968-801,00A
888,AT7968-801,00A
889,AT7968-801,00A
890,AT7968-801,00A
891,AT7968-801,00A
892,AT7968-801,00A
893,BQ5463-110,10A
894,BQ5463-110,10A
895,BQ5463-110,10A
896,BQ5463-110,10A
897,BQ5463-110,10A
898,BQ5463-110,10A
899,BQ5463-110,10A
900,BQ5463-110,10A
901,BQ5463-110,10A
902,BQ5463-110,10A
903,BQ5463-110,10A
904,BQ5463-110,10A
905,BQ5463-110,10A
906,BQ5463-110,10A
907,BQ5463-110,10A
908,BQ5463-110,10A
909,BQ5463-110,10A
910,BQ5463-110,10A
911,BQ5463-110,10A
912,BQ5463-401,4PA
913,BQ5463-401,4PA
914,BQ5463-401,4PA
915,BQ5463-401,4PA
916,BQ5463-401,4PA
917,BQ5463-401,4PA
918,BQ5463-401,4PA
919,BQ5463-401,4PA
920,BQ5463-401,4PA
921,BQ5463-401,4PA
922,BQ5463-401,4PA
923,BQ5463-401,4PA
924,BQ5463-401,4PA
925,BQ5463-401,4PA
926,BQ5463-401,4PA
927,BQ5463-401,4PA
928,BQ5463-401,4PA
929,BQ5463-401,4PA
930,BQ5463-401,4PA
931,BQ5463-703,00A
932,BQ5463-703,00A
933,BQ5463-703,00A
934,BQ5463-703,00A
935,BQ5463-703,00A
936,BQ5463-703,00A
937,BQ5463-703,00A
938,BQ5463-703,00A
939,BQ5463-703,00A
940,BQ5463-703,00A
941,BQ5463-703,00A
942,BQ5463-703,00A
943,BQ5463-703,00A
944,BQ5463-703,00A
945,BQ5463-703,00A
946,BQ5463-703,00A
947,BQ5463-703,00A
948,BQ5463-703,00A
949,BQ5463-703,00A
950,CJ1293-110,10A
951,CJ1293-110,10A
952,CJ1293-110,10A
953,CJ1293-110,10A
954,CJ1293-110,10A
955,CJ1293-110,10A
956,CJ1293-110,10A
957,CJ1293-110,10A
958,CJ1293-110,10A
959,CJ1293-110,10A
960,CJ1293-110,10A
961,CJ1293-110,10A
962,CJ1293-110,10A
963,CJ1293-110,10A
964,CJ1293-110,10A
965,CJ1293-110,10A
966,CJ1293-110,10A
967,CJ1293-110,10A
968,CJ1293-110,10A
969,CJ1293-401,4PA
970,CJ1293-401,4PA
971,CJ1293-401,4PA
972,CJ1293-401,4PA
973,CJ1293-401,4PA
974,CJ1293-401,4PA
975,CJ1293-401,4PA
976,CJ1293-401,4PA
977,CJ1293-401,4PA
978,CJ1293-401,4PA
979,CJ1293-401,4PA
980,CJ1293-401,4PA
981,CJ1293-401,4PA
982,CJ1293-401,4PA
983,CJ1293-401,4PA
984,CJ1293-401,4PA
985,CJ1293-401,4PA
986,CJ1293-401,4PA
987,CJ1293-401,4PA
988,CK8459-006,6FT
989,CK8459-006,6FT
990,CK8459-006,6FT
991,CK8459-006,6FT
992,CK8459-006,6FT
993,CK8459-006,6FT
994,CK8459-006,6FT
995,CK8459-006,6FT
996,CK8459-006,6FT
997,CK8459-006,6FT
998,CK8459-006,6FT
999,CK8459-006,6FT
1000,CK8459-006,6FT
1001,CK8459-006,6FT
1002,CK8459-006,6FT
1003,CK8459-006,6FT
1004,CK8459-006,6FT
1005,CK8459-006,6FT
1006,CK8459-006,6FT
1007,CK8459-060,00A
1008,CK8459-060,00A
1009,CK8459-060,00A
1010,CK8459-060,00A
1011,CK8459-060,00A
1012,CK8459-060,00A
1013,CK8459-060,00A
1014,CK8459-060,00A
1015,CK8459-060,00A
1016,CK8459-060,00A
1017,CK8459-060,00A
1018,CK8459-060,00A
1019,CK8459-060,00A
1020,CK8459-060,00A
1021,CK8459-060,00A
1022,CK8459-060,00A
1023,CK8459-060,00A
1024,CK8459-060,00A
1025,CK8459-060,00A
1026,CK8459-090,00A
1027,CK8459-090,00A
1028,CK8459-090,00A
1029,CK8459-090,00A
1030,CK8459-090,00A
1031,CK8459-090,00A
1032,CK8459-090,00A
1033,CK8459-090,00A
1034,CK8459-090,00A
1035,CK8459-090,00A
1036,CK8459-090,00A
1037,CK8459-090,00A
1038,CK8459-090,00A
1039,CK8459-090,00A
1040,CK8459-090,00A
1041,CK8459-090,00A
1042,CK8459-090,00A
1043,CK8459-090,00A
1044,CK8459-090,00A
1045,CK8459-160,00A
1046,CK8459-160,00A
1047,CK8459-160,00A
1048,CK8459-160,00A
1049,CK8459-160,00A
1050,CK8459-160,00A
1051,CK8459-160,00A
1052,CK8459-160,00A
1053,CK8459-160,00A
1054,CK8459-160,00A
1055,CK8459-160,00A
1056,CK8459-160,00A
1057,CK8459-160,00A
1058,CK8459-160,00A
1059,CK8459-160,00A
1060,CK8459-160,00A
1061,CK8459-160,00A
1062,CK8459-160,00A
1063,CK8459-160,00A
1064,CK8459-400,40W
1065,CK8459-400,40W
1066,CK8459-400,40W
1067,CK8459-400,40W
1068,CK8459-400,40W
1069,CK8459-400,40W
1070,CK8459-400,40W
1071,CK8459-400,40W
1072,CK8459-400,40W
1073,CK8459-400,40W
1074,CK8459-400,40W
1075,CK8459-400,40W
1076,CK8459-400,40W
1077,CK8459-400,40W
1078,CK8459-400,40W
1079,CK8459-400,40W
1080,CK8459-400,40W
1081,CK8459-400,40W
1082,CK8459-400,40W
1083,CU5692-004,00A
1084,CU5692-004,00A
1085,CU5692-004,00A
1086,CU5692-004,00A
1087,CU5692-004,00A
1088,CU5692-004,00A
1089,CU5692-004,00A
1090,CU5692-004,00A
1091,CU5692-004,00A
1092,CU5692-004,00A
1093,CU5692-004,00A
1094,CU5692-004,00A
1095,CU5692-004,00A
1096,CU5692-004,00A
1097,CU5692-004,00A
1098,CU5692-004,00A
1099,CU5692-004,00A
1100,CU5692-004,00A
1101,CU5692-004,00A
1102,CU5692-090,00A
1103,CU5692-090,00A
1104,CU5692-090,00A
1105,CU5692-090,00A
1106,CU5692-090,00A
1107,CU5692-090,00A
1108,CU5692-090,00A
1109,CU5692-090,00A
1110,CU5692-090,00A
1111,CU5692-090,00A
1112,CU5692-090,00A
1113,CU5692-090,00A
1114,CU5692-090,00A
1115,CU5692-090,00A
1116,CU5692-090,00A
1117,CU5692-090,00A
1118,CU5692-090,00A
1119,CU5692-090,00A
1120,CU5692-090,00A
1121,CU5692-600,01B
1122,CU5692-600,01B
1123,CU5692-600,01B
1124,CU5692-600,01B
1125,CU5692-600,01B
1126,CU5692-600,01B
1127,CU5692-600,01B
1128,CU5692-600,01B
1129,CU5692-600,01B
1130,CU5692-600,01B
1131,CU5692-600,01B
1132,CU5692-600,01B
1133,CU5692-600,01B
1134,CU5692-600,01B
1135,CU5692-600,01B
1136,CU5692-600,01B
1137,CU5692-600,01B
1138,CU5692-600,01B
1139,CU5692-600,01B
1140,CU5692-760,71R
1141,CU5692-760,71R
1142,CU5692-760,71R
1143,CU5692-760,71R
1144,CU5692-760,71R
1145,CU5692-760,71R
1146,CU5692-760,71R
1147,CU5692-760,71R
1148,CU5692-760,71R
1149,CU5692-760,71R
1150,CU5692-760,71R
1151,CU5692-760,71R
1152,CU5692-760,71R
1153,CU5692-760,71R
1154,CU5692-760,71R
1155,CU5692-760,71R
1156,CU5692-760,71R
1157,CU5692-760,71R
1158,CU5692-760,71R
1159,CV0852-004,00A
1160,CV0852-004,00A
1161,CV0852-004,00A
1162,CV0852-004,00A
1163,CV0852-004,00A
1164,CV0852-004,00A
1165,CV0852-004,00A
1166,CV0852-004,00A
1167,CV0852-004,00A
1168,CV0852-004,00A
1169,CV0852-004,00A
1170,CV0852-004,00A
1171,CV0852-004,00A
1172,CV0852-004,00A
1173,CV0852-004,00A
1174,CV0852-004,00A
1175,CV0852-004,00A
1176,CV0852-004,00A
1177,CV0852-004,00A
1178,CV0852-090,00A
1179,CV0852-090,00A
1180,CV0852-090,00A
1181,CV0852-090,00A
1182,CV0852-090,00A
1183,CV0852-090,00A
1184,CV0852-090,00A
1185,CV0852-090,00A
1186,CV0852-090,00A
1187,CV0852-090,00A
1188,CV0852-090,00A
1189,CV0852-090,00A
1190,CV0852-090,00A
1191,CV0852-090,00A
1192,CV0852-090,00A
1193,CV0852-090,00A
1194,CV0852-090,00A
1195,CV0852-090,00A
1196,CV0852-090,00A
1197,CV0852-600,01B
1198,CV0852-600,01B
1199,CV0852-600,01B
1200,CV0852-600,01B
1201,CV0852-600,01B
1202,CV0852-600,01B
1203,CV0852-600,01B
1204,CV0852-600,01B
1205,CV0852-600,01B
1206,CV0852-600,01B
1207,CV0852-600,01B
1208,CV0852-600,01B
1209,CV0852-600,01B
1210,CV0852-600,01B
1211,CV0852-600,01B
1212,CV0852-600,01B
1213,CV0852-600,01B
1214,CV0852-600,01B
1215,CV0852-600,01B
1216,CV0852-760,71R
1217,CV0852-760,71R
1218,CV0852-760,71R
1219,CV0852-760,71R
1220,CV0852-760,71R
1221,CV0852-760,71R
1222,CV0852-760,71R
1223,CV0852-760,71R
1224,CV0852-760,71R
1225,CV0852-760,71R
1226,CV0852-760,71R
1227,CV0852-760,71R
1228,CV0852-760,71R
1229,CV0852-760,71R
1230,CV0852-760,71R
1231,CV0852-760,71R
1232,CV0852-760,71R
1233,CV0852-760,71R
1234,CV0852-760,71R
1235,CW6672-006,6FT
1236,CW6672-006,6FT
1237,CW6672-006,6FT
1238,CW6672-006,6FT
1239,CW6672-006,6FT
1240,CW6672-006,6FT
1241,CW6672-006,6FT
1242,CW6672-006,6FT
1243,CW6672-006,6FT
1244,CW6672-006,6FT
1245,CW6672-006,6FT
1246,CW6672-006,6FT
1247,CW6672-006,6FT
1248,CW6672-006,6FT
1249,CW6672-006,6FT
1250,CW6672-006,6FT
1251,CW6672-006,6FT
1252,CW6672-006,6FT
1253,CW6672-006,6FT
1254,CW6672-060,00A
1255,CW6672-060,00A
1256,CW6672-060,00A
1257,CW6672-060,00A
1258,CW6672-060,00A
1259,CW6672-060,00A
1260,CW6672-060,00A
1261,CW6672-060,00A
1262,CW6672-060,00A
1263,CW6672-060,00A
1264,CW6672-060,00A
1265,CW6672-060,00A
1266,CW6672-060,00A
1267,CW6672-060,00A
1268,CW6672-060,00A
1269,CW6672-060,00A
1270,CW6672-060,00A
1271,CW6672-060,00A
1272,CW6672-060,00A
1273,CW6672-090,00A
1274,CW6672-090,00A
1275,CW6672-090,00A
1276,CW6672-090,00A
1277,CW6672-090,00A
1278,CW6672-090,00A
1279,CW6672-090,00A
1280,CW6672-090,00A
1281,CW6672-090,00A
1282,CW6672-090,00A
1283,CW6672-090,00A
1284,CW6672-090,00A
1285,CW6672-090,00A
1286,CW6672-090,00A
1287,CW6672-090,00A
1288,CW6672-090,00A
1289,CW6672-090,00A
1290,CW6672-090,00A
1291,CW6672-090,00A
1292,CW6672-160,00A
1293,CW6672-160,00A
1294,CW6672-160,00A
1295,CW6672-160,00A
1296,CW6672-160,00A
1297,CW6672-160,00A
1298,CW6672-160,00A
1299,CW6672-160,00A
1300,CW6672-160,00A
1301,CW6672-160,00A
1302,CW6672-160,00A
1303,CW6672-160,00A
1304,CW6672-160,00A
1305,CW6672-160,00A
1306,CW6672-160,00A
1307,CW6672-160,00A
1308,CW6672-160,00A
1309,CW6672-160,00A
1310,CW6672-160,00A
1311,CW6672-400,40W
1312,CW6672-400,40W
1313,CW6672-400,40W
1314,CW6672-400,40W
1315,CW6672-400,40W
1316,CW6672-400,40W
1317,CW6672-400,40W
1318,CW6672-400,40W
1319,CW6672-400,40W
1320,CW6672-400,40W
1321,CW6672-400,40W
1322,CW6672-400,40W
1323,CW6672-400,40W
1324,CW6672-400,40W
1325,CW6672-400,40W
1326,CW6672-400,40W
1327,CW6672-400,40W
1328,CW6672-400,40W
1329,CW6672-400,40W
1330,CZ5901-180,00A
1331,CZ5901-180,00A
1332,CZ5901-180,00A
1333,CZ5901-180,00A
1334,CZ5901-180,00A
1335,CZ5901-180,00A
1336,CZ5901-180,00A
1337,CZ5901-180,00A
1338,CZ5901-180,00A
1339,CZ5901-180,00A
1340,CZ5901-180,00A
1341,CZ5901-180,00A
1342,CZ5901-180,00A
1343,CZ5901-180,00A
1344,CZ5901-180,00A
1345,CZ5901-180,00A
1346,CZ5901-180,00A
1347,CZ5901-180,00A
1348,CZ5901-180,00A
1349,DA5640-001,00A
1350,DA5640-001,00A
1351,DA5640-001,00A
1352,DA5640-001,00A
1353,DA5640-001,00A
1354,DA5640-001,00A
1355,DA5640-001,00A
1356,DA5640-001,00A
1357,DA5640-001,00A
1358,DA5640-001,00A
1359,DA5640-001,00A
1360,DA5640-001,00A
1361,DA5640-001,00A
1362,DA5640-001,00A
1363,DA5640-001,00A
1364,DA5640-001,00A
1365,DA5640-001,00A
1366,DA5640-001,00A
1367,DA5640-001,00A
1368,DA5640-004,00A
1369,DA5640-004,00A
1370,DA5640-004,00A
1371,DA5640-004,00A
1372,DA5640-004,00A
1373,DA5640-004,00A
1374,DA5640-004,00A
1375,DA5640-004,00A
1376,DA5640-004,00A
1377,DA5640-004,00A
1378,DA5640-004,00A
1379,DA5640-004,00A
1380,DA5640-004,00A
1381,DA5640-004,00A
1382,DA5640-004,00A
1383,DA5640-004,00A
1384,DA5640-004,00A
1385,DA5640-004,00A
1386,DA5640-004,00A
1387,DA5640-007,00A
1388,DA5640-007,00A
1389,DA5640-007,00A
1390,DA5640-007,00A
1391,DA5640-007,00A
1392,DA5640-007,00A
1393,DA5640-007,00A
1394,DA5640-007,00A
1395,DA5640-007,00A
1396,DA5640-007,00A
1397,DA5640-007,00A
1398,DA5640-007,00A
1399,DA5640-007,00A
1400,DA5640-007,00A
1401,DA5640-007,00A
1402,DA5640-007,00A
1403,DA5640-007,00A
1404,DA5640-007,00A
1405,DA5640-007,00A
1406,DA5640-167,6CD
1407,DA5640-167,6CD
1408,DA5640-167,6CD
1409,DA5640-167,6CD
1410,DA5640-167,6CD
1411,DA5640-167,6CD
1412,DA5640-167,6CD
1413,DA5640-167,6CD
1414,DA5640-167,6CD
1415,DA5640-167,6CD
1416,DA5640-167,6CD
1417,DA5640-167,6CD
1418,DA5640-167,6CD
1419,DA5640-167,6CD
1420,DA5640-167,6CD
1421,DA5640-167,6CD
1422,DA5640-167,6CD
1423,DA5640-167,6CD
1424,DA5640-167,6CD
1425,DA5640-407,11M
1426,DA5640-407,11M
1427,DA5640-407,11M
1428,DA5640-407,11M
1429,DA5640-407,11M
1430,DA5640-407,11M
1431,DA5640-407,11M
1432,DA5640-407,11M
1433,DA5640-407,11M
1434,DA5640-407,11M
1435,DA5640-407,11M
1436,DA5640-407,11M
1437,DA5640-407,11M
1438,DA5640-407,11M
1439,DA5640-407,11M
1440,DA5640-407,11M
1441,DA5640-407,11M
1442,DA5640-407,11M
1443,DA5640-407,11M
1444,DA5640-808,80S
1445,DA5640-808,80S
1446,DA5640-808,80S
1447,DA5640-808,80S
1448,DA5640-808,80S
1449,DA5640-808,80S
1450,DA5640-808,80S
1451,DA5640-808,80S
1452,DA5640-808,80S
1453,DA5640-808,80S
1454,DA5640-808,80S
1455,DA5640-808,80S
1456,DA5640-808,80S
1457,DA5640-808,80S
1458,DA5640-808,80S
1459,DA5640-808,80S
1460,DA5640-808,80S
1461,DA5640-808,80S
1462,DA5640-808,80S
1463,DB2856-506,4NL
1464,DB2856-506,4NL
1465,DB2856-506,4NL
1466,DB2856-506,4NL
1467,DB2856-506,4NL
1468,DB2856-506,4NL
1469,DB2856-506,4NL
1470,DB2856-506,4NL
1471,DB2856-506,4NL
1472,DB2856-506,4NL
1473,DB2856-506,4NL
1474,DB2856-506,4NL
1475,DB2856-506,4NL
1476,DB2856-506,4NL
1477,DB2856-506,4NL
1478,DB2856-506,4NL
1479,DB2856-506,4NL
1480,DB2856-506,4NL
1481,DB2856-506,4NL
1482,DB2855-600,67J
1483,DB2855-600,67J
1484,DB2855-600,67J
1485,DB2855-600,67J
1486,DB2855-600,67J
1487,DB2855-600,67J
1488,DB2855-600,67J
1489,DB2855-600,67J
1490,DB2855-600,67J
1491,DB2855-600,67J
1492,DB2855-600,67J
1493,DB2855-600,67J
1494,DB2855-600,67J
1495,DB2855-600,67J
1496,DB2855-600,67J
1497,DB2855-600,67J
1498,DB2855-600,67J
1499,DB2855-600,67J
1500,DB2855-600,67J
1501,DC0819-001,00A
1502,DC0819-001,00A
1503,DC0819-001,00A
1504,DC0819-001,00A
1505,DC0819-001,00A
1506,DC0819-001,00A
1507,DC0819-001,00A
1508,DC0819-001,00A
1509,DC0819-001,00A
1510,DC0819-001,00A
1511,DC0819-001,00A
1512,DC0819-001,00A
1513,DC0819-001,00A
1514,DC0819-001,00A
1515,DC0819-001,00A
1516,DC0819-001,00A
1517,DC0819-001,00A
1518,DC0819-001,00A
1519,DC0819-001,00A
1520,DC0819-004,00A
1521,DC0819-004,00A
1522,DC0819-004,00A
1523,DC0819-004,00A
1524,DC0819-004,00A
1525,DC0819-004,00A
1526,DC0819-004,00A
1527,DC0819-004,00A
1528,DC0819-004,00A
1529,DC0819-004,00A
1530,DC0819-004,00A
1531,DC0819-004,00A
1532,DC0819-004,00A
1533,DC0819-004,00A
1534,DC0819-004,00A
1535,DC0819-004,00A
1536,DC0819-004,00A
1537,DC0819-004,00A
1538,DC0819-004,00A
1539,DC0819-007,00A
1540,DC0819-007,00A
1541,DC0819-007,00A
1542,DC0819-007,00A
1543,DC0819-007,00A
1544,DC0819-007,00A
1545,DC0819-007,00A
1546,DC0819-007,00A
1547,DC0819-007,00A
1548,DC0819-007,00A
1549,DC0819-007,00A
1550,DC0819-007,00A
1551,DC0819-007,00A
1552,DC0819-007,00A
1553,DC0819-007,00A
1554,DC0819-007,00A
1555,DC0819-007,00A
1556,DC0819-007,00A
1557,DC0819-007,00A
1558,DC0819-054,59A
1559,DC0819-054,59A
1560,DC0819-054,59A
1561,DC0819-054,59A
1562,DC0819-054,59A
1563,DC0819-054,59A
1564,DC0819-054,59A
1565,DC0819-054,59A
1566,DC0819-054,59A
1567,DC0819-054,59A
1568,DC0819-054,59A
1569,DC0819-054,59A
1570,DC0819-054,59A
1571,DC0819-054,59A
1572,DC0819-054,59A
1573,DC0819-054,59A
1574,DC0819-054,59A
1575,DC0819-054,59A
1576,DC0819-054,59A
1577,DC0819-167,6CD
1578,DC0819-167,6CD
1579,DC0819-167,6CD
1580,DC0819-167,6CD
1581,DC0819-167,6CD
1582,DC0819-167,6CD
1583,DC0819-167,6CD
1584,DC0819-167,6CD
1585,DC0819-167,6CD
1586,DC0819-167,6CD
1587,DC0819-167,6CD
1588,DC0819-167,6CD
1589,DC0819-167,6CD
1590,DC0819-167,6CD
1591,DC0819-167,6CD
1592,DC0819-167,6CD
1593,DC0819-167,6CD
1594,DC0819-167,6CD
1595,DC0819-167,6CD
1596,DC0819-407,11M
1597,DC0819-407,11M
1598,DC0819-407,11M
1599,DC0819-407,11M
1600,DC0819-407,11M
1601,DC0819-407,11M
1602,DC0819-407,11M
1603,DC0819-407,11M
1604,DC0819-407,11M
1605,DC0819-407,11M
1606,DC0819-407,11M
1607,DC0819-407,11M
1608,DC0819-407,11M
1609,DC0819-407,11M
1610,DC0819-407,11M
1611,DC0819-407,11M
1612,DC0819-407,11M
1613,DC0819-407,11M
1614,DC0819-407,11M
1615,DC0819-808,80S
1616,DC0819-808,80S
1617,DC0819-808,80S
1618,DC0819-808,80S
1619,DC0819-808,80S
1620,DC0819-808,80S
1621,DC0819-808,80S
1622,DC0819-808,80S
1623,DC0819-808,80S
1624,DC0819-808,80S
1625,DC0819-808,80S
1626,DC0819-808,80S
1627,DC0819-808,80S
1628,DC0819-808,80S
1629,DC0819-808,80S
1630,DC0819-808,80S
1631,DC0819-808,80S
1632,DC0819-808,80S
1633,DC0819-808,80S
1634,DD9482-010,00A
1635,DD9482-010,00A
1636,DD9482-010,00A
1637,DD9482-010,00A
1638,DD9482-010,00A
1639,DD9482-010,00A
1640,DD9482-010,00A
1641,DD9482-010,00A
1642,DD9482-010,00A
1643,DD9482-010,00A
1644,DD9482-010,00A
1645,DD9482-010,00A
1646,DD9482-010,00A
1647,DD9482-010,00A
1648,DD9482-010,00A
1649,DD9482-010,00A
1650,DD9482-010,00A
1651,DD9482-010,00A
1652,DD9482-010,00A
1653,DD9482-446,00A
1654,DD9482-446,00A
1655,DD9482-446,00A
1656,DD9482-446,00A
1657,DD9482-446,00A
1658,DD9482-446,00A
1659,DD9482-446,00A
1660,DD9482-446,00A
1661,DD9482-446,00A
1662,DD9482-446,00A
1663,DD9482-446,00A
1664,DD9482-446,00A
1665,DD9482-446,00A
1666,DD9482-446,00A
1667,DD9482-446,00A
1668,DD9482-446,00A
1669,DD9482-446,00A
1670,DD9482-446,00A
1671,DD9482-446,00A
1672,DD9483-010,00A
1673,DD9483-010,00A
1674,DD9483-010,00A
1675,DD9483-010,00A
1676,DD9483-010,00A
1677,DD9483-010,00A
1678,DD9483-010,00A
1679,DD9483-010,00A
1680,DD9483-010,00A
1681,DD9483-010,00A
1682,DD9483-010,00A
1683,DD9483-010,00A
1684,DD9483-010,00A
1685,DD9483-010,00A
1686,DD9483-010,00A
1687,DD9483-010,00A
1688,DD9483-010,00A
1689,DD9483-010,00A
1690,DD9483-010,00A
1691,DD9483-446,00A
1692,DD9483-446,00A
1693,DD9483-446,00A
1694,DD9483-446,00A
1695,DD9483-446,00A
1696,DD9483-446,00A
1697,DD9483-446,00A
1698,DD9483-446,00A
1699,DD9483-446,00A
1700,DD9483-446,00A
1701,DD9483-446,00A
1702,DD9483-446,00A
1703,DD9483-446,00A
1704,DD9483-446,00A
1705,DD9483-446,00A
1706,DD9483-446,00A
1707,DD9483-446,00A
1708,DD9483-446,00A
1709,DD9483-446,00A
1710,DJ2903-007,00A
1711,DJ2903-007,00A
1712,DJ2903-007,00A
1713,DJ2903-007,00A
1714,DJ2903-007,00A
1715,DJ2903-007,00A
1716,DJ2903-007,00A
1717,DJ2903-007,00A
1718,DJ2903-007,00A
1719,DJ2903-007,00A
1720,DJ2903-007,00A
1721,DJ2903-007,00A
1722,DJ2903-007,00A
1723,DJ2903-007,00A
1724,DJ2903-007,00A
1725,DJ2903-007,00A
1726,DJ2903-007,00A
1727,DJ2903-007,00A
1728,DJ2903-007,00A
1729,DJ2903-484,47B
1730,DJ2903-484,47B
1731,DJ2903-484,47B
1732,DJ2903-484,47B
1733,DJ2903-484,47B
1734,DJ2903-484,47B
1735,DJ2903-484,47B
1736,DJ2903-484,47B
1737,DJ2903-484,47B
1738,DJ2903-484,47B
1739,DJ2903-484,47B
1740,DJ2903-484,47B
1741,DJ2903-484,47B
1742,DJ2903-484,47B
1743,DJ2903-484,47B
1744,DJ2903-484,47B
1745,DJ2903-484,47B
1746,DJ2903-484,47B
1747,DJ2903-484,47B
1748,DJ2904-007,00A
1749,DJ2904-007,00A
1750,DJ2904-007,00A
1751,DJ2904-007,00A
1752,DJ2904-007,00A
1753,DJ2904-007,00A
1754,DJ2904-007,00A
1755,DJ2904-007,00A
1756,DJ2904-007,00A
1757,DJ2904-007,00A
1758,DJ2904-007,00A
1759,DJ2904-007,00A
1760,DJ2904-007,00A
1761,DJ2904-007,00A
1762,DJ2904-007,00A
1763,DJ2904-007,00A
1764,DJ2904-007,00A
1765,DJ2904-007,00A
1766,DJ2904-007,00A
1767,DJ2904-054,47B
1768,DJ2904-054,47B
1769,DJ2904-054,47B
1770,DJ2904-054,47B
1771,DJ2904-054,47B
1772,DJ2904-054,47B
1773,DJ2904-054,47B
1774,DJ2904-054,47B
1775,DJ2904-054,47B
1776,DJ2904-054,47B
1777,DJ2904-054,47B
1778,DJ2904-054,47B
1779,DJ2904-054,47B
1780,DJ2904-054,47B
1781,DJ2904-054,47B
1782,DJ2904-054,47B
1783,DJ2904-054,47B
1784,DJ2904-054,47B
1785,DJ2904-054,47B
1786,DJ2904-484,47B
1787,DJ2904-484,47B
1788,DJ2904-484,47B
1789,DJ2904-484,47B
1790,DJ2904-484,47B
1791,DJ2904-484,47B
1792,DJ2904-484,47B
1793,DJ2904-484,47B
1794,DJ2904-484,47B
1795,DJ2904-484,47B
1796,DJ2904-484,47B
1797,DJ2904-484,47B
1798,DJ2904-484,47B
1799,DJ2904-484,47B
1800,DJ2904-484,47B
1801,DJ2904-484,47B
1802,DJ2904-484,47B
1803,DJ2904-484,47B
1804,DJ2904-484,47B
1805,DJ5961-001,00A
1806,DJ5961-001,00A
1807,DJ5961-001,00A
1808,DJ5961-001,00A
1809,DJ5961-001,00A
1810,DJ5961-001,00A
1811,DJ5961-001,00A
1812,DJ5961-001,00A
1813,DJ5961-001,00A
1814,DJ5961-001,00A
1815,DJ5961-001,00A
1816,DJ5961-001,00A
1817,DJ5961-001,00A
1818,DJ5961-001,00A
1819,DJ5961-001,00A
1820,DJ5961-001,00A
1821,DJ5961-001,00A
1822,DJ5961-001,00A
1823,DJ5961-001,00A
1824,DJ5961-146,40X
1825,DJ5961-146,40X
1826,DJ5961-146,40X
1827,DJ5961-146,40X
1828,DJ5961-146,40X
1829,DJ5961-146,40X
1830,DJ5961-146,40X
1831,DJ5961-146,40X
1832,DJ5961-146,40X
1833,DJ5961-146,40X
1834,DJ5961-146,40X
1835,DJ5961-146,40X
1836,DJ5961-146,40X
1837,DJ5961-146,40X
1838,DJ5961-146,40X
1839,DJ5961-146,40X
1840,DJ5961-146,40X
1841,DJ5961-146,40X
1842,DJ5961-146,40X
1843,DJ5961-780,79S
1844,DJ5961-780,79S
1845,DJ5961-780,79S
1846,DJ5961-780,79S
1847,DJ5961-780,79S
1848,DJ5961-780,79S
1849,DJ5961-780,79S
1850,DJ5961-780,79S
1851,DJ5961-780,79S
1852,DJ5961-780,79S
1853,DJ5961-780,79S
1854,DJ5961-780,79S
1855,DJ5961-780,79S
1856,DJ5961-780,79S
1857,DJ5961-780,79S
1858,DJ5961-780,79S
1859,DJ5961-780,79S
1860,DJ5961-780,79S
1861,DJ5961-780,79S
1862,DJ5963-001,00A
1863,DJ5963-001,00A
1864,DJ5963-001,00A
1865,DJ5963-001,00A
1866,DJ5963-001,00A
1867,DJ5963-001,00A
1868,DJ5963-001,00A
1869,DJ5963-001,00A
1870,DJ5963-001,00A
1871,DJ5963-001,00A
1872,DJ5963-001,00A
1873,DJ5963-001,00A
1874,DJ5963-001,00A
1875,DJ5963-001,00A
1876,DJ5963-001,00A
1877,DJ5963-001,00A
1878,DJ5963-001,00A
1879,DJ5963-001,00A
1880,DJ5963-001,00A
1881,DJ5963-146,40X
1882,DJ5963-146,40X
1883,DJ5963-146,40X
1884,DJ5963-146,40X
1885,DJ5963-146,40X
1886,DJ5963-146,40X
1887,DJ5963-146,40X
1888,DJ5963-146,40X
1889,DJ5963-146,40X
1890,DJ5963-146,40X
1891,DJ5963-146,40X
1892,DJ5963-146,40X
1893,DJ5963-146,40X
1894,DJ5963-146,40X
1895,DJ5963-146,40X
1896,DJ5963-146,40X
1897,DJ5963-146,40X
1898,DJ5963-146,40X
1899,DJ5963-146,40X
1900,DJ5963-780,79S
1901,DJ5963-780,79S
1902,DJ5963-780,79S
1903,DJ5963-780,79S
1904,DJ5963-780,79S
1905,DJ5963-780,79S
1906,DJ5963-780,79S
1907,DJ5963-780,79S
1908,DJ5963-780,79S
1909,DJ5963-780,79S
1910,DJ5963-780,79S
1911,DJ5963-780,79S
1912,DJ5963-780,79S
1913,DJ5963-780,79S
1914,DJ5963-780,79S
1915,DJ5963-780,79S
1916,DJ5963-780,79S
1917,DJ5963-780,79S
1918,DJ5963-780,79S
1919,DM0730-003,3KX
1920,DM0730-003,3KX
1921,DM0730-003,3KX
1922,DM0730-003,3KX
1923,DM0730-003,3KX
1924,DM0730-003,3KX
1925,DM0730-003,3KX
1926,DM0730-003,3KX
1927,DM0730-003,3KX
1928,DM0730-003,3KX
1929,DM0730-003,3KX
1930,DM0730-003,3KX
1931,DM0730-003,3KX
1932,DM0730-003,3KX
1933,DM0730-003,3KX
1934,DM0730-003,3KX
1935,DM0730-003,3KX
1936,DM0730-003,3KX
1937,DM0730-003,3KX
1938,DR5952-810,10A
1939,DR5952-810,10A
1940,DR5952-810,10A
1941,DR5952-810,10A
1942,DR5952-810,10A
1943,DR5952-810,10A
1944,DR5952-810,10A
1945,DR5952-810,10A
1946,DR5952-810,10A
1947,DR5952-810,10A
1948,DR5952-810,10A
1949,DR5952-810,10A
1950,DR5952-810,10A
1951,DR5952-810,10A
1952,DR5952-810,10A
1953,DR5952-810,10A
1954,DR5952-810,10A
1955,DR5952-810,10A
1956,DR5952-810,10A
1957,DR5953-810,10A
1958,DR5953-810,10A
1959,DR5953-810,10A
1960,DR5953-810,10A
1961,DR5953-810,10A
1962,DR5953-810,10A
1963,DR5953-810,10A
1964,DR5953-810,10A
1965,DR5953-810,10A
1966,DR5953-810,10A
1967,DR5953-810,10A
1968,DR5953-810,10A
1969,DR5953-810,10A
1970,DR5953-810,10A
1971,DR5953-810,10A
1972,DR5953-810,10A
1973,DR5953-810,10A
1974,DR5953-810,10A
1975,DR5953-810,10A
1976,DR5967-810,10A
1977,DR5967-810,10A
1978,DR5967-810,10A
1979,DR5967-810,10A
1980,DR5967-810,10A
1981,DR5967-810,10A
1982,DR5967-810,10A
1983,DR5967-810,10A
1984,DR5967-810,10A
1985,DR5967-810,10A
1986,DR5967-810,10A
1987,DR5967-810,10A
1988,DR5967-810,10A
1989,DR5967-810,10A
1990,DR5967-810,10A
1991,DR5967-810,10A
1992,DR5967-810,10A
1993,DR5967-810,10A
1994,DR5967-810,10A
1995,DR5968-810,10A
1996,DR5968-810,10A
1997,DR5968-810,10A
1998,DR5968-810,10A
1999,DR5968-810,10A
2000,DR5968-810,10A
2001,DR5968-810,10A
2002,DR5968-810,10A
2003,DR5968-810,10A
2004,DR5968-810,10A
2005,DR5968-810,10A
2006,DR5968-810,10A
2007,DR5968-810,10A
2008,DR5968-810,10A
2009,DR5968-810,10A
2010,DR5968-810,10A
2011,DR5968-810,10A
2012,DR5968-810,10A
2013,DR5968-810,10A
